Country,1990,1991,1992,1993,1994,1995,1996,1997,1998,1999,2000,2001,2002,2003,2004,2005,2006,2007,2008,2009,2010,2011,2012,2013,2014,2015,2016,2017
Afghanistan,63.4,63.4,63.4,63.4,63.4,63.4,63.339999999999996,63.28,63.22,63.160000000000004,63.1,63.36,63.620000000000005,63.88,64.14,64.4,64.18,63.96,63.74,63.519999999999996,63.3,63.5,63.9,64.3,64.8,65.3,65.6,65.9
Albania,64.4,64.22,64.04,63.86,63.68,63.5,63.36,63.22,63.08,62.94,62.8,61.82,60.839999999999996,59.86,58.879999999999995,57.9,57.18,56.46,55.739999999999995,55.019999999999996,54.3,55.7,57.4,53.7,54.4,56.5,56.3,56.2
Algeria,44.2,44.36,44.52,44.68,44.84,45.0,44.72,44.44,44.160000000000004,43.88,43.6,43.38,43.160000000000004,42.94,42.72,42.5,42.48,42.46,42.44,42.42,42.4,42.5,42.7,43.7,41.5,41.5,41.4,41.4
Angola,78.0,77.96,77.92,77.88,77.84,77.8,77.78,77.76,77.74,77.72,77.7,77.7,77.7,77.7,77.7,77.7,77.72,77.74,77.76,77.78,77.8,77.9,77.9,77.9,77.9,77.9,77.8,77.7
Argentina,59.1,59.5,59.9,60.300000000000004,60.7,61.1,61.36,61.62,61.88,62.14,62.4,62.339999999999996,62.28,62.22,62.160000000000004,62.1,61.800000000000004,61.5,61.2,60.9,60.6,60.8,60.7,60.4,59.9,60.2,60.4,60.6
Armenia,59.2,58.980000000000004,58.760000000000005,58.54,58.32,58.1,57.76,57.42,57.08,56.74,56.4,56.3,56.199999999999996,56.1,56.0,55.9,56.62,57.339999999999996,58.06,58.78,59.5,60.6,60.4,60.8,60.5,59.8,58.7,58.6
Australia,63.9,63.86,63.82,63.78,63.74,63.7,63.64,63.58,63.52,63.46,63.4,63.62,63.839999999999996,64.06,64.28,64.5,64.7,64.9,65.1,65.3,65.5,65.6,65.3,65.0,64.8,65.0,64.9,65.1
Austria,56.0,56.62,57.24,57.86,58.480000000000004,59.1,58.980000000000004,58.86,58.74,58.62,58.5,58.42,58.34,58.26,58.18,58.1,58.480000000000004,58.86,59.24,59.62,60.0,60.0,60.3,60.4,60.2,60.1,60.4,60.4
Azerbaijan,60.5,61.16,61.82,62.48,63.14,63.8,63.66,63.519999999999996,63.38,63.24,63.1,63.04,62.98,62.92,62.86,62.8,63.0,63.199999999999996,63.4,63.599999999999994,63.8,64.0,64.3,64.6,65.1,65.5,66.3,66.6
Bahamas,72.0,72.62,73.24,73.86,74.47999999999999,75.1,75.06,75.02,74.98,74.94,74.9,74.94,74.98,75.02,75.06,75.1,75.1,75.1,75.1,75.1,75.1,75.0,74.9,74.9,74.8,74.7,74.6,74.5
Bahrain,65.0,65.1,65.2,65.3,65.4,65.5,65.56,65.62,65.67999999999999,65.74,65.8,66.36,66.92,67.47999999999999,68.03999999999999,68.6,69.32,70.03999999999999,70.76,71.48,72.2,71.4,71.5,71.5,71.6,71.6,71.9,72.4
Bangladesh,56.7,56.74,56.78,56.82,56.86,56.9,56.94,56.98,57.02,57.06,57.1,57.120000000000005,57.14,57.160000000000004,57.18,57.2,57.1,57.0,56.900000000000006,56.800000000000004,56.7,56.6,56.6,56.6,56.5,56.5,56.4,58.7
Barbados,69.0,69.26,69.52,69.78,70.03999999999999,70.3,70.0,69.7,69.39999999999999,69.1,68.8,68.94,69.08,69.22,69.36,69.5,69.2,68.9,68.6,68.3,68.0,67.9,66.7,67.4,65.3,65.7,66.3,65.9
Belarus,59.8,59.66,59.519999999999996,59.38,59.24,59.1,59.1,59.1,59.1,59.1,59.1,59.46,59.82,60.18,60.54,60.9,61.32,61.74,62.16,62.58,63.0,63.4,63.7,63.9,64.1,64.3,64.3,64.0
Belgium,48.3,48.72,49.14,49.559999999999995,49.98,50.4,50.76,51.12,51.480000000000004,51.84,52.2,52.400000000000006,52.6,52.800000000000004,53.0,53.2,53.36,53.52,53.68,53.84,54.0,53.1,53.1,53.5,53.6,53.5,53.2,53.4
Belize,58.5,58.56,58.62,58.68,58.739999999999995,58.8,59.26,59.72,60.18,60.64,61.1,61.68,62.26,62.84,63.42,64.0,64.64,65.28,65.92,66.56,67.2,68.0,68.8,68.0,67.2,66.4,66.8,67.0
Benin,72.4,72.46000000000001,72.52000000000001,72.58,72.64,72.7,72.60000000000001,72.5,72.4,72.3,72.2,72.14,72.08,72.02000000000001,71.96000000000001,71.9,71.74000000000001,71.58,71.42,71.25999999999999,71.1,70.9,70.9,70.9,71.0,71.0,71.1,71.1
Bhutan,67.4,67.0,66.60000000000001,66.2,65.80000000000001,65.4,65.56,65.72,65.88000000000001,66.04,66.2,67.02,67.84,68.66,69.48,70.3,70.2,70.1,70.0,69.89999999999999,69.8,68.0,65.6,66.1,64.4,66.6,66.7,66.8
Bolivia (Plurinational State of),68.5,68.72,68.94,69.16,69.38,69.6,69.75999999999999,69.92,70.08,70.24000000000001,70.4,70.82000000000001,71.24000000000001,71.66,72.08,72.5,72.4,72.3,72.2,72.1,72.0,71.8,68.9,69.3,71.3,67.1,70.6,67.9
Bosnia and Herzegovina,52.1,51.76,51.42,51.08,50.74,50.4,50.199999999999996,50.0,49.8,49.6,49.4,49.3,49.199999999999996,49.1,49.0,48.9,48.76,48.62,48.480000000000004,48.34,48.2,47.9,47.6,47.3,47.0,46.7,46.7,46.9
Botswana,60.8,60.82,60.839999999999996,60.86,60.879999999999995,60.9,60.519999999999996,60.14,59.76,59.38,59.0,59.76,60.519999999999996,61.28,62.04,62.8,62.3,61.8,61.3,60.8,60.3,64.6,68.2,71.3,71.5,71.7,71.8,72.0
Brazil,62.2,62.54,62.88,63.22,63.56,63.9,63.96,64.02,64.08,64.14,64.2,64.64,65.08,65.52000000000001,65.96000000000001,66.4,66.08,65.76,65.44,65.12,64.8,63.7,64.4,64.2,64.0,64.1,63.8,64.1
Brunei Darussalam,65.1,65.33999999999999,65.58,65.82,66.06,66.3,66.64,66.98,67.32,67.66,68.0,67.82,67.64,67.46,67.28,67.1,66.96,66.82,66.68,66.54,66.4,66.4,66.3,66.1,66.0,65.8,65.6,65.4
Bulgaria,58.0,57.38,56.76,56.14,55.519999999999996,54.9,53.9,52.9,51.9,50.9,49.9,50.0,50.1,50.199999999999996,50.3,50.4,51.0,51.6,52.199999999999996,52.8,53.4,52.5,53.1,53.9,54.2,54.2,53.5,55.5
Burkina Faso,83.2,82.74000000000001,82.28,81.82000000000001,81.36,80.9,80.26,79.62,78.98,78.34,77.7,77.0,76.3,75.60000000000001,74.9,74.2,73.44,72.68,71.92,71.16000000000001,70.4,69.5,68.6,67.7,66.7,66.7,66.8,66.8
Burundi,90.6,90.0,89.39999999999999,88.8,88.19999999999999,87.6,86.82,86.03999999999999,85.26,84.48,83.7,83.18,82.66,82.14,81.61999999999999,81.1,80.74,80.38,80.02,79.66,79.3,79.0,78.7,78.4,78.2,78.5,78.8,79.0
Cabo Verde,61.6,61.96,62.32,62.68,63.04,63.4,63.44,63.48,63.52,63.56,63.6,63.72,63.84,63.96,64.08,64.2,64.66,65.12,65.58,66.04,66.5,66.9,67.3,67.7,68.0,68.4,68.6,68.9
Cambodia,80.1,80.22,80.34,80.46,80.58,80.7,80.28,79.86,79.44,79.02,78.6,79.17999999999999,79.75999999999999,80.34,80.92,81.5,82.28,83.06,83.84,84.62,85.4,84.6,83.7,82.8,82.0,81.1,81.0,81.0
Cameroon,82.7,82.68,82.66,82.64,82.61999999999999,82.6,82.47999999999999,82.36,82.24,82.12,82.0,81.94,81.88,81.82000000000001,81.76,81.7,80.54,79.38000000000001,78.22,77.06,75.9,76.0,76.1,76.2,76.3,76.3,76.4,76.4
Canada,66.8,66.32,65.84,65.36,64.88000000000001,64.4,64.58,64.76,64.94,65.12,65.3,65.58,65.86,66.14,66.42,66.7,66.68,66.66,66.64,66.61999999999999,66.6,66.4,66.2,66.2,65.7,65.5,65.4,65.5
Central African Republic,73.1,73.06,73.02,72.98,72.94,72.9,72.84,72.78,72.72,72.66,72.6,72.58,72.56,72.53999999999999,72.52,72.5,72.5,72.5,72.5,72.5,72.5,72.6,72.6,72.7,72.6,72.4,72.3,72.1
Chad,72.4,72.36,72.32000000000001,72.28,72.24000000000001,72.2,72.2,72.2,72.2,72.2,72.2,72.12,72.04,71.96,71.88,71.8,71.74,71.67999999999999,71.62,71.56,71.5,71.5,71.5,71.4,71.3,71.3,71.3,71.3
Chile,55.0,55.34,55.68,56.02,56.36,56.7,56.7,56.7,56.7,56.7,56.7,56.86,57.02,57.18,57.34,57.5,58.16,58.82,59.48,60.14,60.8,62.0,61.9,62.0,62.2,62.3,62.1,62.4
China,79.1,79.02,78.94,78.86,78.78,78.7,78.4,78.10000000000001,77.8,77.5,77.2,76.44,75.68,74.92,74.16000000000001,73.4,72.92,72.44,71.96000000000001,71.48,71.0,70.8,70.6,70.4,70.2,69.9,69.6,69.2
Colombia,67.0,67.2,67.4,67.6,67.8,68.0,68.1,68.2,68.3,68.4,68.5,68.24,67.98,67.72,67.46000000000001,67.2,67.60000000000001,68.0,68.4,68.8,69.2,69.9,70.8,70.5,70.5,70.8,70.4,70.0
Comoros,41.6,41.64,41.68,41.72,41.76,41.8,41.78,41.76,41.74,41.72,41.7,41.74,41.78,41.82,41.86,41.9,42.04,42.18,42.32,42.46,42.6,42.8,43.0,43.2,43.4,43.6,43.8,43.9
Congo,67.7,67.66,67.62,67.58,67.54,67.5,67.58,67.66,67.74000000000001,67.82000000000001,67.9,68.06,68.22,68.38000000000001,68.54,68.7,68.86,69.02,69.18,69.34,69.5,69.6,69.6,69.6,69.6,69.5,69.5,69.3
Congo (Democratic Republic of the),71.1,71.17999999999999,71.25999999999999,71.34,71.42,71.5,71.54,71.58,71.62,71.66,71.7,71.68,71.66,71.64,71.61999999999999,71.6,70.53999999999999,69.47999999999999,68.42,67.36,66.3,65.2,64.0,64.0,64.0,63.9,63.9,63.9
Costa Rica,58.5,58.68,58.86,59.04,59.22,59.4,59.42,59.44,59.46,59.48,59.5,60.1,60.7,61.3,61.9,62.5,62.32,62.14,61.96,61.78,61.6,60.1,63.8,63.3,62.9,61.8,59.2,60.0
Croatia,57.9,57.42,56.94,56.46,55.98,55.5,55.14,54.78,54.42,54.06,53.7,53.620000000000005,53.54,53.46,53.379999999999995,53.3,53.18,53.06,52.94,52.82,52.7,51.9,51.4,50.9,52.4,52.9,51.5,51.9
Cuba,50.5,50.84,51.18,51.52,51.86,52.2,52.2,52.2,52.2,52.2,52.2,52.32,52.44,52.56,52.68,52.8,53.339999999999996,53.879999999999995,54.42,54.96,55.5,55.3,55.0,54.8,54.6,54.3,54.0,53.7
Cyprus,59.9,59.94,59.98,60.02,60.06,60.1,60.24,60.38,60.519999999999996,60.66,60.8,61.239999999999995,61.68,62.12,62.56,63.0,63.22,63.44,63.66,63.879999999999995,64.1,63.2,62.8,62.7,63.3,62.6,62.0,62.3
Czechia,61.0,61.08,61.16,61.24,61.32,61.4,61.14,60.88,60.62,60.36,60.1,59.980000000000004,59.86,59.74,59.62,59.5,59.28,59.06,58.839999999999996,58.62,58.4,58.2,58.7,59.4,59.4,59.6,60.1,60.5
CÃ´te d'Ivoire,67.2,67.08,66.96,66.84,66.72,66.6,66.38,66.16,65.94,65.72,65.5,65.04,64.58,64.12,63.660000000000004,63.2,62.68,62.160000000000004,61.64,61.120000000000005,60.6,60.1,59.5,58.9,58.4,57.9,57.4,57.4
Denmark,67.3,66.92,66.54,66.16,65.78,65.4,65.48,65.56,65.64,65.72,65.8,65.82,65.84,65.86,65.88000000000001,65.9,65.60000000000001,65.30000000000001,65.0,64.7,64.4,64.0,63.2,62.3,62.1,62.0,63.3,62.0
Djibouti,62.5,62.46,62.42,62.379999999999995,62.339999999999996,62.3,62.36,62.42,62.48,62.54,62.6,62.480000000000004,62.36,62.24,62.12,62.0,62.06,62.12,62.18,62.239999999999995,62.3,62.4,62.5,62.6,62.7,62.8,62.9,62.9
Dominican Republic,55.7,55.760000000000005,55.82,55.88,55.94,56.0,56.12,56.24,56.36,56.480000000000004,56.6,56.660000000000004,56.72,56.78,56.839999999999996,56.9,57.04,57.18,57.32,57.46,57.6,59.8,59.8,60.1,60.6,63.6,63.9,64.0
Ecuador,64.4,64.58,64.76,64.94,65.12,65.3,65.74,66.17999999999999,66.62,67.06,67.5,67.62,67.74,67.86,67.97999999999999,68.1,67.5,66.89999999999999,66.3,65.69999999999999,65.1,64.3,65.0,64.3,64.1,66.6,68.5,69.2
Egypt,46.6,46.56,46.52,46.48,46.44,46.4,46.339999999999996,46.28,46.22,46.160000000000004,46.1,46.2,46.300000000000004,46.4,46.5,46.6,47.120000000000005,47.64,48.160000000000004,48.68,49.2,49.0,49.4,50.0,50.0,48.4,48.1,48.0
El Salvador,60.8,61.059999999999995,61.32,61.58,61.84,62.1,61.980000000000004,61.86,61.74,61.62,61.5,61.38,61.26,61.14,61.019999999999996,60.9,60.699999999999996,60.5,60.3,60.1,59.9,59.7,60.4,60.8,59.5,58.8,59.5,60.8
Equatorial Guinea,58.9,58.92,58.94,58.96,58.98,59.0,58.96,58.92,58.879999999999995,58.839999999999996,58.8,59.099999999999994,59.4,59.699999999999996,60.0,60.3,60.62,60.94,61.26,61.58,61.9,61.8,61.8,61.9,62.3,62.7,62.3,62.1
Eritrea,81.1,80.96,80.82,80.68,80.54,80.4,80.24000000000001,80.08,79.92,79.75999999999999,79.6,79.47999999999999,79.36,79.24,79.12,79.0,79.2,79.4,79.6,79.8,80.0,80.1,80.3,80.4,80.5,80.6,80.6,80.6
Estonia,63.4,63.08,62.76,62.44,62.12,61.8,61.239999999999995,60.68,60.12,59.56,59.0,58.92,58.84,58.76,58.68,58.6,58.980000000000004,59.36,59.74,60.12,60.5,61.2,61.3,61.3,61.2,62.2,63.0,63.6
Eswatini (Kingdom of),48.7,48.84,48.980000000000004,49.12,49.26,49.4,49.32,49.24,49.16,49.08,49.0,49.02,49.04,49.06,49.08,49.1,49.300000000000004,49.5,49.7,49.9,50.1,50.4,50.8,51.2,51.6,52.0,52.3,52.7
Ethiopia,78.0,78.1,78.2,78.3,78.4,78.5,78.86,79.22,79.58,79.94,80.3,80.66,81.02,81.38,81.74,82.1,81.94,81.78,81.61999999999999,81.46,81.3,81.1,80.9,80.8,80.6,80.5,80.4,80.3
Fiji,60.0,59.92,59.84,59.76,59.68,59.6,59.160000000000004,58.72,58.28,57.839999999999996,57.4,57.32,57.24,57.16,57.08,57.0,57.88,58.76,59.64,60.519999999999996,61.4,62.4,61.3,60.0,58.7,58.1,57.5,57.3
Finland,65.2,64.12,63.04,61.96,60.879999999999995,59.8,60.04,60.28,60.519999999999996,60.76,61.0,60.92,60.84,60.76,60.68,60.6,60.44,60.28,60.12,59.96,59.8,59.8,59.7,59.1,58.9,58.8,58.5,58.7
France,55.7,55.6,55.5,55.400000000000006,55.300000000000004,55.2,55.28,55.36,55.440000000000005,55.52,55.6,55.72,55.84,55.96,56.080000000000005,56.2,56.22,56.24,56.26,56.28,56.3,56.0,56.2,56.1,55.7,55.6,55.4,55.3
Gabon,45.6,45.54,45.48,45.42,45.36,45.3,45.4,45.5,45.599999999999994,45.699999999999996,45.8,46.0,46.199999999999996,46.4,46.599999999999994,46.8,47.28,47.76,48.24,48.72,49.2,49.6,50.0,50.4,50.9,51.3,51.6,51.9
Gambia,57.5,57.52,57.54,57.56,57.58,57.6,57.6,57.6,57.6,57.6,57.6,57.78,57.96,58.14,58.32,58.5,58.66,58.82,58.98,59.14,59.3,59.4,59.5,59.5,59.5,59.5,59.5,59.4
Georgia,66.3,66.6,66.89999999999999,67.2,67.5,67.8,66.94,66.08,65.22,64.36,63.5,63.48,63.46,63.44,63.42,63.4,63.7,64.0,64.3,64.60000000000001,64.9,66.0,67.2,66.7,67.1,68.1,67.5,67.5
Germany,58.3,58.28,58.26,58.24,58.22,58.2,58.18,58.160000000000004,58.14,58.120000000000005,58.1,58.18,58.26,58.34,58.42,58.5,58.68,58.86,59.04,59.22,59.4,60.0,60.0,60.3,60.4,60.3,60.5,60.7
Ghana,75.1,75.03999999999999,74.97999999999999,74.92,74.86,74.8,74.78,74.76,74.74,74.72,74.7,74.08,73.46,72.84,72.22,71.6,71.16,70.72,70.28,69.84,69.4,69.1,68.7,68.2,67.8,67.4,67.5,67.5
Greece,51.3,51.36,51.42,51.48,51.54,51.6,51.96,52.32,52.68,53.04,53.4,53.44,53.48,53.52,53.56,53.6,53.76,53.92,54.08,54.24,54.4,53.8,53.6,53.3,53.0,53.1,53.2,53.1
Guatemala,62.1,62.08,62.06,62.04,62.02,62.0,62.04,62.08,62.120000000000005,62.160000000000004,62.2,62.260000000000005,62.32,62.38,62.44,62.5,62.3,62.1,61.9,61.7,61.5,61.3,66.1,61.3,61.8,61.4,62.1,62.3
Guinea,65.8,65.75999999999999,65.72,65.67999999999999,65.64,65.6,65.56,65.52,65.48,65.44,65.4,65.36,65.32000000000001,65.28,65.24000000000001,65.2,65.16,65.12,65.08,65.04,65.0,64.9,64.9,64.8,64.8,64.8,64.7,64.6
Guinea-Bissau,73.0,72.94,72.88,72.82000000000001,72.76,72.7,72.60000000000001,72.5,72.4,72.3,72.2,72.18,72.16,72.14,72.11999999999999,72.1,72.11999999999999,72.14,72.16,72.18,72.2,72.2,72.4,72.5,72.6,72.7,72.8,72.9
Guyana,59.5,59.4,59.3,59.2,59.1,59.0,58.64,58.28,57.92,57.56,57.2,56.92,56.64,56.36,56.08,55.8,55.86,55.92,55.98,56.04,56.1,56.3,56.5,56.7,57.0,57.1,57.3,57.4
Haiti,67.4,67.08,66.76,66.44,66.12,65.8,65.32,64.84,64.36,63.879999999999995,63.4,63.62,63.839999999999996,64.06,64.28,64.5,64.74,64.98,65.22,65.46000000000001,65.7,66.0,66.3,66.6,66.9,67.1,67.4,67.6
Honduras,66.0,66.12,66.24,66.36,66.47999999999999,66.6,66.5,66.39999999999999,66.3,66.19999999999999,66.1,65.66,65.22,64.78,64.34,63.9,63.98,64.06,64.14,64.22,64.3,62.2,61.3,64.2,65.6,65.7,65.0,65.2
"Hong Kong, China (SAR)",63.5,63.18,62.86,62.54,62.22,61.9,61.76,61.62,61.480000000000004,61.34,61.2,61.14,61.08,61.02,60.96,60.9,60.54,60.18,59.82,59.46,59.1,59.6,60.1,60.8,60.6,60.7,60.6,60.5
Hungary,54.6,53.56,52.52,51.48,50.44,49.4,49.32,49.24,49.16,49.08,49.0,49.24,49.480000000000004,49.72,49.96,50.2,50.260000000000005,50.32,50.38,50.44,50.5,50.8,51.6,52.1,53.6,54.8,55.8,56.3
Iceland,74.3,74.78,75.26,75.74,76.22,76.7,77.04,77.38000000000001,77.72,78.06,78.4,77.88000000000001,77.36,76.84,76.32,75.8,75.62,75.44,75.26,75.08,74.9,74.3,74.4,75.1,76.3,77.0,77.7,76.6
India,58.6,58.58,58.56,58.54,58.52,58.5,58.3,58.1,57.9,57.7,57.5,57.7,57.9,58.1,58.3,58.5,57.62,56.74,55.86,54.980000000000004,54.1,53.2,52.3,52.3,52.2,52.2,52.1,52.1
Indonesia,63.3,63.78,64.26,64.74,65.22,65.7,66.0,66.3,66.60000000000001,66.9,67.2,66.54,65.88,65.22,64.56,63.9,64.52,65.14,65.76,66.38,67.0,67.1,67.7,67.1,66.9,66.6,66.3,67.2
Iran (Islamic Republic of),46.3,45.76,45.22,44.68,44.14,43.6,43.7,43.800000000000004,43.9,44.0,44.1,44.76,45.42,46.08,46.74,47.4,46.56,45.72,44.88,44.04,43.2,42.8,42.4,42.0,41.6,42.8,44.3,44.2
Iraq,42.2,42.22,42.24,42.26,42.28,42.3,42.32,42.339999999999996,42.36,42.379999999999995,42.4,42.379999999999995,42.36,42.339999999999996,42.32,42.3,42.3,42.3,42.3,42.3,42.3,42.3,42.3,42.2,42.5,42.5,42.2,42.5
Ireland,56.3,56.36,56.42,56.48,56.54,56.6,57.78,58.96,60.14,61.32,62.5,63.019999999999996,63.54,64.06,64.58,65.1,64.67999999999999,64.25999999999999,63.839999999999996,63.42,63.0,62.3,62.0,62.3,62.0,62.0,62.2,61.9
Israel,59.0,59.58,60.16,60.74,61.32,61.9,61.76,61.62,61.480000000000004,61.34,61.2,61.300000000000004,61.400000000000006,61.5,61.6,61.7,61.96,62.22,62.480000000000004,62.74,63.0,62.9,63.6,63.7,64.2,64.1,64.2,64.1
Italy,50.5,49.86,49.22,48.58,47.94,47.3,47.4,47.5,47.599999999999994,47.699999999999996,47.8,48.04,48.28,48.519999999999996,48.76,49.0,48.8,48.6,48.4,48.2,48.0,47.9,48.7,48.3,48.5,48.4,48.9,49.1
Jamaica,68.6,68.75999999999999,68.92,69.08,69.24000000000001,69.4,68.84,68.28,67.72,67.16,66.6,66.38,66.16,65.94,65.72,65.5,65.34,65.18,65.02,64.86,64.7,64.6,64.4,65.1,65.3,65.4,66.5,66.9
Japan,63.4,63.44,63.48,63.52,63.56,63.6,63.4,63.2,63.0,62.800000000000004,62.6,62.2,61.800000000000004,61.4,61.0,60.6,60.5,60.4,60.300000000000004,60.2,60.1,59.6,59.3,59.6,59.8,60.0,60.5,60.9
Jordan,40.3,40.72,41.14,41.559999999999995,41.98,42.4,42.32,42.24,42.16,42.08,42.0,41.78,41.56,41.339999999999996,41.12,40.9,41.1,41.3,41.5,41.699999999999996,41.9,41.2,40.3,39.3,39.3,39.3,39.4,39.4
Kazakhstan,71.1,71.17999999999999,71.25999999999999,71.34,71.42,71.5,71.4,71.3,71.2,71.1,71.0,70.7,70.4,70.1,69.8,69.5,69.66,69.82,69.98,70.14,70.3,70.4,70.5,70.6,70.9,70.9,71.0,70.9
Kenya,72.5,72.42,72.34,72.25999999999999,72.17999999999999,72.1,71.83999999999999,71.58,71.32,71.06,70.8,69.6,68.39999999999999,67.2,66.0,64.8,65.06,65.32,65.58,65.83999999999999,66.1,66.3,66.3,66.3,66.3,66.3,66.3,66.3
Korea (Democratic People's Rep. of),82.7,82.78,82.86,82.94,83.02,83.1,82.96,82.82,82.68,82.54,82.4,82.24000000000001,82.08,81.92,81.75999999999999,81.6,81.47999999999999,81.36,81.24,81.12,81.0,80.9,80.9,80.8,80.7,80.7,80.6,80.6
Korea (Republic of),60.0,60.34,60.68,61.02,61.36,61.7,61.580000000000005,61.46,61.34,61.22,61.1,61.300000000000004,61.5,61.7,61.9,62.1,61.84,61.58,61.32,61.059999999999995,60.8,60.9,61.2,61.3,62.3,62.5,62.7,62.9
Kuwait,65.6,66.42,67.24,68.06,68.88,69.7,69.7,69.7,69.7,69.7,69.7,69.72,69.74,69.76,69.78,69.8,70.25999999999999,70.72,71.17999999999999,71.64,72.1,72.6,73.2,73.9,74.5,75.0,74.3,74.1
Kyrgyzstan,61.8,62.379999999999995,62.96,63.54,64.12,64.7,64.62,64.54,64.46,64.38,64.3,64.42,64.54,64.66,64.78,64.9,64.74000000000001,64.58,64.42,64.25999999999999,64.1,64.5,63.9,62.5,62.4,62.4,61.6,61.7
Lao People's Democratic Republic,81.2,81.16,81.12,81.08,81.04,81.0,80.82,80.64,80.46,80.28,80.1,79.83999999999999,79.58,79.32,79.06,78.8,78.66,78.52,78.38,78.24,78.1,78.1,78.1,78.1,78.1,78.1,78.1,78.1
Latvia,61.5,61.24,60.980000000000004,60.72,60.46,60.2,59.38,58.56,57.74,56.92,56.1,56.34,56.58,56.82,57.059999999999995,57.3,57.64,57.98,58.32,58.66,59.0,58.7,59.8,59.5,59.4,60.2,60.7,61.3
Lebanon,43.7,43.68,43.660000000000004,43.64,43.620000000000005,43.6,43.78,43.96,44.14,44.32,44.5,44.84,45.18,45.52,45.86,46.2,46.080000000000005,45.96,45.84,45.72,45.6,45.9,46.1,46.4,46.6,46.8,47.0,47.2
Lesotho,74.7,74.66,74.62,74.58,74.54,74.5,74.32,74.14,73.96,73.78,73.6,72.96,72.32,71.68,71.04,70.4,69.86,69.32000000000001,68.78,68.24000000000001,67.7,67.2,66.7,66.2,66.3,66.4,66.6,66.8
Liberia,55.8,56.059999999999995,56.32,56.58,56.84,57.1,56.72,56.34,55.96,55.580000000000005,55.2,55.38,55.56,55.74,55.92,56.1,56.160000000000004,56.22,56.28,56.339999999999996,56.4,56.4,56.3,56.2,56.2,56.2,56.2,56.1
Libya,46.0,46.18,46.36,46.54,46.72,46.9,47.14,47.38,47.62,47.86,48.1,48.34,48.58,48.82,49.059999999999995,49.3,49.519999999999996,49.739999999999995,49.96,50.18,50.4,52.1,50.9,51.7,52.6,52.6,52.8,52.4
Lithuania,62.5,62.34,62.18,62.02,61.86,61.7,61.38,61.06,60.74,60.42,60.1,59.32,58.54,57.760000000000005,56.980000000000004,56.2,56.36,56.52,56.68,56.84,57.0,57.9,58.2,58.3,59.1,59.3,60.5,60.9
Luxembourg,50.7,50.620000000000005,50.54,50.46,50.379999999999995,50.3,50.919999999999995,51.54,52.16,52.78,53.4,53.68,53.96,54.239999999999995,54.519999999999996,54.8,55.239999999999995,55.68,56.12,56.56,57.0,56.9,58.0,58.3,59.0,59.4,58.0,58.2
Madagascar,86.5,86.48,86.46000000000001,86.44,86.42,86.4,86.44,86.48,86.52,86.56,86.6,86.6,86.6,86.6,86.6,86.6,87.1,87.6,88.1,88.6,89.1,88.7,88.4,87.8,87.2,86.5,86.4,86.3
Malawi,77.5,77.48,77.46000000000001,77.44,77.42,77.4,77.4,77.4,77.4,77.4,77.4,77.34,77.28,77.22,77.16,77.1,77.14,77.17999999999999,77.22,77.25999999999999,77.3,77.4,77.5,77.5,77.4,77.3,77.2,77.2
Malaysia,62.3,62.199999999999996,62.099999999999994,62.0,61.9,61.8,61.78,61.76,61.74,61.72,61.7,61.580000000000005,61.46,61.34,61.22,61.1,60.94,60.78,60.62,60.46,60.3,61.4,62.4,63.8,64.1,64.3,64.3,64.4
Maldives,49.5,49.78,50.06,50.339999999999996,50.62,50.9,51.58,52.26,52.94,53.62,54.3,55.059999999999995,55.82,56.58,57.34,58.1,59.06,60.02,60.98,61.94,62.9,63.9,65.0,66.0,67.0,66.5,65.5,65.1
Mali,69.9,69.88000000000001,69.86,69.84,69.82,69.8,69.86,69.92,69.97999999999999,70.03999999999999,70.1,70.19999999999999,70.3,70.39999999999999,70.5,70.6,70.69999999999999,70.8,70.89999999999999,71.0,71.1,71.2,71.2,71.3,71.3,71.1,71.0,71.0
Malta,50.0,49.84,49.68,49.52,49.36,49.2,49.38,49.56,49.74,49.92,50.1,49.76,49.42,49.08,48.74,48.4,48.74,49.08,49.42,49.76,50.1,51.0,51.7,52.8,53.7,54.2,54.6,54.8
Mauritania,50.9,50.879999999999995,50.86,50.839999999999996,50.82,50.8,50.82,50.839999999999996,50.86,50.879999999999995,50.9,50.44,49.98,49.52,49.06,48.6,48.18,47.76,47.34,46.92,46.5,46.1,45.8,45.9,46.0,46.1,46.2,46.3
Mauritius,59.5,59.58,59.66,59.74,59.82,59.9,59.72,59.54,59.36,59.18,59.0,58.98,58.96,58.94,58.92,58.9,58.78,58.66,58.54,58.419999999999995,58.3,57.5,57.7,58.7,59.0,59.3,58.7,58.4
Mexico,58.5,58.76,59.019999999999996,59.28,59.54,59.8,59.9,60.0,60.099999999999994,60.199999999999996,60.3,60.46,60.62,60.78,60.94,61.1,61.160000000000004,61.22,61.28,61.339999999999996,61.4,61.4,62.1,61.9,61.2,61.3,61.3,61.1
Moldova (Republic of),48.7,49.24,49.78,50.32,50.86,51.4,51.36,51.32,51.28,51.24,51.2,50.64,50.08,49.52,48.96,48.4,47.06,45.72,44.38,43.04,41.7,42.3,40.8,41.5,41.3,44.1,42.8,42.4
Mongolia,56.8,57.32,57.839999999999996,58.36,58.879999999999995,59.4,59.56,59.72,59.88,60.04,60.2,60.0,59.800000000000004,59.6,59.400000000000006,59.2,59.160000000000004,59.120000000000005,59.08,59.04,59.0,60.0,59.4,59.9,60.3,60.3,59.3,59.9
Montenegro,52.9,52.82,52.74,52.66,52.58,52.5,52.28,52.06,51.839999999999996,51.62,51.4,51.24,51.08,50.92,50.76,50.6,50.38,50.160000000000004,49.94,49.72,49.5,49.1,49.5,50.0,50.4,50.9,50.9,50.9
Morocco,50.4,50.48,50.559999999999995,50.64,50.72,50.8,50.76,50.72,50.68,50.64,50.6,50.6,50.6,50.6,50.6,50.6,50.44,50.28,50.12,49.96,49.8,49.8,49.2,48.8,48.0,47.1,46.3,45.5
Mozambique,84.5,84.4,84.3,84.2,84.1,84.0,84.26,84.52,84.78,85.03999999999999,85.3,85.24,85.17999999999999,85.12,85.06,85.0,84.5,84.0,83.5,83.0,82.5,81.8,81.2,80.5,79.7,78.9,78.8,78.7
Myanmar,74.0,73.84,73.68,73.52,73.36,73.2,72.96000000000001,72.72,72.48,72.24,72.0,71.54,71.08,70.62,70.16,69.7,69.24000000000001,68.78,68.32000000000001,67.86,67.4,67.1,66.8,66.4,66.0,65.7,64.0,62.3
Namibia,56.1,56.08,56.06,56.04,56.02,56.0,56.08,56.16,56.24,56.32,56.4,56.56,56.72,56.88,57.04,57.2,57.28,57.36,57.440000000000005,57.52,57.6,57.9,58.3,61.1,61.0,60.6,60.1,60.4
Nepal,85.8,85.88,85.96,86.04,86.12,86.2,86.10000000000001,86.0,85.9,85.8,85.7,85.4,85.10000000000001,84.8,84.5,84.2,83.94,83.68,83.42,83.16000000000001,82.9,83.0,83.1,83.2,83.2,83.1,83.1,83.0
Netherlands,56.5,56.88,57.26,57.64,58.019999999999996,58.4,59.28,60.16,61.04,61.919999999999995,62.8,63.12,63.44,63.760000000000005,64.08,64.4,64.46000000000001,64.52000000000001,64.58,64.64,64.7,64.1,64.6,64.5,64.0,64.1,63.7,63.6
New Zealand,63.4,63.56,63.72,63.88,64.04,64.2,64.3,64.4,64.5,64.60000000000001,64.7,65.2,65.7,66.2,66.7,67.2,67.2,67.2,67.2,67.2,67.2,67.5,67.3,67.6,68.4,68.3,69.3,70.1
Nicaragua,60.3,60.0,59.699999999999996,59.4,59.099999999999994,58.8,59.4,60.0,60.599999999999994,61.199999999999996,61.8,61.94,62.08,62.22,62.36,62.5,62.88,63.260000000000005,63.64,64.02000000000001,64.4,64.8,65.2,65.6,66.0,66.2,66.4,66.6
Niger,79.0,79.02,79.03999999999999,79.06,79.08,79.1,79.14,79.17999999999999,79.22,79.25999999999999,79.3,79.3,79.3,79.3,79.3,79.3,79.28,79.26,79.24,79.22,79.2,79.2,79.1,79.0,79.0,78.9,78.8,78.8
Nigeria,55.9,55.82,55.74,55.66,55.58,55.5,55.42,55.34,55.26,55.18,55.1,55.04,54.98,54.92,54.86,54.8,54.839999999999996,54.879999999999995,54.92,54.96,55.0,55.0,55.1,55.1,55.1,55.1,55.2,55.2
North Macedonia,55.3,55.18,55.06,54.94,54.82,54.7,54.400000000000006,54.1,53.800000000000004,53.5,53.2,53.34,53.480000000000004,53.62,53.76,53.9,54.24,54.58,54.92,55.26,55.6,55.5,55.1,55.8,55.9,55.5,55.0,55.2
Norway,62.5,62.62,62.74,62.86,62.980000000000004,63.1,63.86,64.62,65.38000000000001,66.14,66.9,66.60000000000001,66.30000000000001,66.0,65.7,65.4,65.46000000000001,65.52000000000001,65.58,65.64,65.7,65.2,65.3,65.0,64.7,64.9,64.4,63.6
Oman,56.2,57.080000000000005,57.96,58.84,59.72,60.6,59.5,58.4,57.300000000000004,56.2,55.1,55.24,55.38,55.519999999999996,55.66,55.8,57.04,58.28,59.519999999999996,60.76,62.0,63.5,65.1,66.8,68.5,70.0,70.4,71.0
Pakistan,50.7,50.400000000000006,50.1,49.800000000000004,49.5,49.2,49.56,49.92,50.28,50.64,51.0,51.04,51.08,51.120000000000005,51.160000000000004,51.2,51.28,51.36,51.440000000000005,51.52,51.6,51.6,51.9,52.3,52.2,53.2,53.2,53.2
"Palestine, State of",40.3,40.3,40.3,40.3,40.3,40.3,40.66,41.019999999999996,41.38,41.74,42.1,41.800000000000004,41.5,41.2,40.9,40.6,40.620000000000005,40.64,40.660000000000004,40.68,40.7,42.6,43.2,43.2,45.5,45.4,45.4,45.1
Panama,58.6,59.34,60.08,60.82,61.559999999999995,62.3,62.419999999999995,62.54,62.66,62.78,62.9,63.239999999999995,63.58,63.919999999999995,64.25999999999999,64.6,64.38,64.16,63.94,63.72,63.5,62.3,64.2,65.1,64.7,64.9,65.4,66.5
Papua New Guinea,72.9,72.44,71.98,71.52,71.06,70.6,70.88,71.16,71.44,71.72,72.0,69.8,67.6,65.4,63.2,61.0,58.44,55.88,53.32,50.760000000000005,48.2,48.3,48.1,48.0,47.5,47.1,47.1,47.1
Paraguay,69.1,69.17999999999999,69.25999999999999,69.34,69.42,69.5,69.52,69.53999999999999,69.56,69.58,69.6,69.86,70.12,70.38,70.64,70.9,70.52000000000001,70.14,69.76,69.38,69.0,69.3,72.4,71.3,69.5,69.6,70.3,70.5
Peru,58.5,59.58,60.66,61.74,62.82,63.9,64.64,65.38,66.11999999999999,66.86,67.6,68.61999999999999,69.64,70.66,71.68,72.7,73.98,75.26,76.53999999999999,77.82,79.1,78.6,78.5,78.0,77.2,76.1,75.5,77.0
Philippines,62.2,62.300000000000004,62.400000000000006,62.5,62.6,62.7,62.660000000000004,62.620000000000005,62.58,62.54,62.5,62.38,62.26,62.14,62.019999999999996,61.9,61.96,62.02,62.08,62.14,62.2,62.9,62.5,62.2,62.8,62.5,62.2,59.7
Poland,61.8,61.16,60.519999999999996,59.88,59.24,58.6,58.14,57.68,57.22,56.76,56.3,56.059999999999995,55.82,55.58,55.34,55.1,55.26,55.42,55.58,55.74,55.9,56.1,56.4,56.5,56.8,56.7,56.9,57.1
Portugal,60.0,59.7,59.4,59.1,58.8,58.5,58.96,59.42,59.879999999999995,60.339999999999996,60.8,61.04,61.28,61.519999999999996,61.76,62.0,61.82,61.64,61.46,61.28,61.1,60.4,60.0,59.2,58.8,58.6,58.6,59.1
Qatar,80.8,80.7,80.6,80.5,80.39999999999999,80.3,79.66,79.02,78.38,77.74,77.1,77.74,78.38,79.02,79.66,80.3,81.58,82.86,84.14,85.42,86.7,86.1,85.9,86.2,86.8,87.6,87.2,86.9
Romania,68.4,68.4,68.4,68.4,68.4,68.4,67.58,66.76,65.94,65.12,64.3,62.14,59.98,57.82,55.66,53.5,53.8,54.1,54.4,54.7,55.0,54.1,54.6,54.4,54.7,54.3,53.6,54.9
Russian Federation,66.5,65.52,64.54,63.56,62.58,61.6,61.54,61.48,61.42,61.36,61.3,61.239999999999995,61.18,61.12,61.06,61.0,61.3,61.6,61.9,62.2,62.5,62.7,62.7,62.6,62.7,62.7,62.9,62.4
Rwanda,89.4,89.02000000000001,88.64,88.26,87.88,87.5,87.14,86.78,86.42,86.06,85.7,85.5,85.3,85.10000000000001,84.9,84.7,84.72,84.74,84.76,84.78,84.8,84.7,84.6,84.4,84.2,84.1,84.0,83.9
Saint Lucia,62.4,62.6,62.8,63.0,63.199999999999996,63.4,63.46,63.52,63.58,63.64,63.7,64.16,64.62,65.08,65.54,66.0,66.06,66.12,66.17999999999999,66.24,66.3,66.5,66.6,66.8,67.0,67.2,67.3,67.4
Saint Vincent and the Grenadines,62.3,62.62,62.94,63.26,63.58,63.9,64.2,64.5,64.8,65.10000000000001,65.4,65.76,66.12,66.48,66.84,67.2,67.44,67.68,67.92,68.16000000000001,68.4,68.4,68.5,68.5,68.5,68.4,68.4,68.4
Samoa,33.8,33.94,34.08,34.22,34.36,34.5,34.42,34.34,34.26,34.18,34.1,33.86,33.62,33.38,33.14,32.9,32.839999999999996,32.78,32.72,32.660000000000004,32.6,32.2,32.2,32.2,32.1,32.0,31.6,31.5
Sao Tome and Principe,55.7,55.5,55.300000000000004,55.1,54.900000000000006,54.7,55.06,55.42,55.78,56.14,56.5,56.6,56.7,56.8,56.9,57.0,57.34,57.68,58.02,58.36,58.7,59.0,59.2,59.4,59.5,59.6,59.6,59.6
Saudi Arabia,53.5,53.12,52.74,52.36,51.980000000000004,51.6,51.26,50.92,50.58,50.24,49.9,50.019999999999996,50.14,50.26,50.38,50.5,50.62,50.74,50.86,50.980000000000004,51.1,52.2,53.5,54.4,54.8,55.6,55.8,56.3
Senegal,52.5,52.4,52.3,52.2,52.1,52.0,51.84,51.68,51.52,51.36,51.2,51.14,51.08,51.02,50.96,50.9,50.48,50.059999999999995,49.64,49.22,48.8,48.3,47.8,47.3,46.8,46.2,46.3,46.4
Serbia,57.5,57.38,57.26,57.14,57.019999999999996,56.9,56.76,56.62,56.480000000000004,56.34,56.2,55.88,55.56,55.24,54.92,54.6,53.86,53.12,52.38,51.64,50.9,50.9,51.3,52.1,52.4,52.0,53.9,54.5
Sierra Leone,64.8,64.75999999999999,64.72,64.67999999999999,64.64,64.6,64.53999999999999,64.47999999999999,64.42,64.36,64.3,64.44,64.58,64.72,64.86,65.0,64.24,63.480000000000004,62.72,61.96,61.2,60.4,59.6,58.8,58.0,58.3,58.2,58.2
Singapore,63.1,63.5,63.9,64.3,64.69999999999999,65.1,65.02,64.94,64.86,64.78,64.7,64.60000000000001,64.5,64.4,64.3,64.2,64.74000000000001,65.28,65.82000000000001,66.36,66.9,67.1,67.6,67.5,68.2,68.9,68.6,68.5
Slovakia,66.2,64.94,63.68,62.42,61.16,59.9,59.879999999999995,59.86,59.839999999999996,59.82,59.8,59.76,59.72,59.68,59.64,59.6,59.44,59.28,59.12,58.96,58.8,58.7,59.1,59.2,59.3,59.6,60.1,60.0
Slovenia,59.1,58.84,58.58,58.32,58.059999999999995,57.8,57.72,57.64,57.559999999999995,57.48,57.4,57.76,58.12,58.480000000000004,58.84,59.2,59.2,59.2,59.2,59.2,59.2,58.1,57.7,57.4,57.7,57.4,56.7,58.5
Solomon Islands,71.3,71.08,70.86,70.64,70.42,70.2,70.62,71.04,71.46,71.88,72.3,72.39999999999999,72.5,72.6,72.7,72.8,72.7,72.6,72.5,72.39999999999999,72.3,71.8,71.7,71.6,71.6,71.5,71.5,71.5
Somalia,49.5,49.38,49.26,49.14,49.019999999999996,48.9,48.64,48.38,48.12,47.86,47.6,47.4,47.2,47.0,46.800000000000004,46.6,46.480000000000004,46.36,46.24,46.12,46.0,45.9,45.9,46.0,46.1,46.2,46.2,46.3
South Africa,54.6,54.76,54.92,55.08,55.24,55.4,55.54,55.68,55.82,55.96,56.1,55.78,55.46,55.14,54.82,54.5,54.08,53.66,53.24,52.82,52.4,52.3,52.7,53.2,53.4,54.7,54.7,55.6
South Sudan,74.1,74.1,74.1,74.1,74.1,74.1,74.11999999999999,74.14,74.16,74.18,74.2,74.12,74.04,73.96,73.88,73.8,73.72,73.64,73.56,73.48,73.4,73.3,73.3,73.2,73.1,73.0,73.0,73.0
Spain,50.2,50.160000000000004,50.120000000000005,50.08,50.04,50.0,50.56,51.12,51.68,52.239999999999995,52.8,53.599999999999994,54.4,55.199999999999996,56.0,56.8,57.3,57.8,58.3,58.8,59.3,59.3,59.3,58.9,58.5,58.3,58.1,57.7
Sri Lanka,62.5,61.12,59.74,58.36,56.980000000000004,55.6,55.86,56.12,56.38,56.64,56.9,56.78,56.66,56.54,56.419999999999995,56.3,55.98,55.66,55.34,55.02,54.7,54.4,53.5,55.0,54.1,53.5,53.1,52.7
Sudan,49.9,50.199999999999996,50.5,50.8,51.1,51.4,51.22,51.04,50.86,50.68,50.5,50.22,49.94,49.660000000000004,49.38,49.1,48.78,48.46,48.14,47.82,47.5,47.4,47.3,47.3,47.3,47.2,47.2,47.2
Suriname,49.3,49.44,49.58,49.72,49.86,50.0,50.08,50.16,50.24,50.32,50.4,50.56,50.72,50.88,51.04,51.2,51.34,51.480000000000004,51.62,51.76,51.9,52.1,52.1,52.2,52.2,52.0,51.8,51.7
Sweden,67.5,66.74,65.98,65.22,64.46000000000001,63.7,63.440000000000005,63.18,62.92,62.66,62.4,62.5,62.6,62.699999999999996,62.8,62.9,62.96,63.02,63.08,63.14,63.2,63.4,63.4,63.9,64.0,64.0,64.0,64.3
Switzerland,68.4,68.14,67.88,67.62,67.36,67.1,67.16,67.22,67.28,67.34,67.4,67.32000000000001,67.24000000000001,67.16,67.08,67.0,67.0,67.0,67.0,67.0,67.0,67.5,67.5,67.6,68.0,68.2,68.6,68.4
Syrian Arab Republic,54.5,54.16,53.82,53.48,53.14,52.8,52.3,51.8,51.3,50.8,50.3,49.559999999999995,48.82,48.08,47.34,46.6,45.9,45.2,44.5,43.800000000000004,43.1,43.0,42.8,42.5,42.1,41.6,41.5,41.5
Tajikistan,42.0,42.06,42.12,42.18,42.239999999999995,42.3,42.3,42.3,42.3,42.3,42.3,42.339999999999996,42.379999999999995,42.42,42.46,42.5,42.64,42.78,42.92,43.06,43.2,43.3,43.4,43.4,43.5,43.5,43.6,43.6
Tanzania (United Republic of),87.3,87.28,87.26,87.24,87.22,87.2,87.16,87.12,87.08,87.04,87.0,87.24,87.48,87.72,87.96000000000001,88.2,87.82000000000001,87.44,87.06,86.67999999999999,86.3,85.7,85.0,84.3,83.4,83.4,83.4,83.3
Thailand,75.7,75.5,75.3,75.10000000000001,74.9,74.7,74.46000000000001,74.22,73.98,73.74,73.5,73.48,73.46000000000001,73.44,73.42,73.4,73.06,72.72,72.38000000000001,72.04,71.7,73.2,72.8,70.6,69.7,69.1,68.1,67.8
Timor-Leste,62.2,62.160000000000004,62.120000000000005,62.08,62.04,62.0,61.36,60.72,60.08,59.44,58.8,56.879999999999995,54.96,53.04,51.120000000000005,49.2,47.660000000000004,46.120000000000005,44.58,43.04,41.5,41.0,40.5,40.1,39.7,39.3,39.1,39.2
Togo,81.3,81.24,81.17999999999999,81.12,81.06,81.0,80.88,80.76,80.64,80.52000000000001,80.4,80.44,80.48,80.52,80.56,80.6,80.19999999999999,79.8,79.39999999999999,79.0,78.6,78.0,78.0,78.0,78.0,78.0,77.9,77.8
Tonga,55.6,56.44,57.28,58.12,58.96,59.8,59.599999999999994,59.4,59.199999999999996,59.0,58.8,59.08,59.36,59.64,59.92,60.2,60.14,60.08,60.02,59.96,59.9,59.8,59.8,59.9,59.8,59.6,59.6,59.5
Trinidad and Tobago,57.2,57.800000000000004,58.400000000000006,59.0,59.6,60.2,60.400000000000006,60.6,60.800000000000004,61.0,61.2,61.900000000000006,62.6,63.300000000000004,64.0,64.7,64.22,63.74,63.26,62.78,62.3,61.5,62.2,62.4,62.7,62.0,61.4,60.9
Tunisia,48.9,48.839999999999996,48.78,48.72,48.660000000000004,48.6,48.300000000000004,48.0,47.7,47.4,47.1,46.7,46.300000000000004,45.9,45.5,45.1,45.42,45.74,46.06,46.38,46.7,46.9,47.6,47.2,47.1,47.0,46.8,46.6
Turkey,56.8,56.14,55.48,54.82,54.16,53.5,52.56,51.62,50.68,49.739999999999995,48.8,48.239999999999995,47.68,47.12,46.56,46.0,46.34,46.68,47.02,47.36,47.7,48.8,48.7,49.7,50.1,51.0,51.8,52.6
Turkmenistan,61.6,61.800000000000004,62.0,62.2,62.4,62.6,62.72,62.84,62.96,63.080000000000005,63.2,63.22,63.24,63.26,63.28,63.3,63.44,63.58,63.72,63.86,64.0,64.2,64.5,64.8,65.0,65.2,65.3,65.2
Uganda,69.9,69.9,69.9,69.9,69.9,69.9,69.92,69.94,69.96000000000001,69.98,70.0,70.08,70.16,70.24000000000001,70.32000000000001,70.4,70.5,70.60000000000001,70.7,70.80000000000001,70.9,71.0,71.1,71.1,71.1,71.0,71.0,70.9
Ukraine,60.1,60.04,59.98,59.92,59.86,59.8,59.239999999999995,58.68,58.12,57.56,57.0,56.62,56.24,55.86,55.480000000000004,55.1,55.08,55.06,55.04,55.02,55.0,55.2,54.9,55.6,54.3,54.6,54.4,54.2
United Arab Emirates,72.9,73.36,73.82000000000001,74.28,74.74000000000001,75.2,75.34,75.48,75.62,75.76,75.9,76.4,76.9,77.4,77.9,78.4,79.42,80.44,81.46000000000001,82.48,83.5,83.6,83.6,83.7,83.8,84.1,83.7,83.4
United Kingdom,62.6,62.24,61.88,61.519999999999996,61.16,60.8,60.919999999999995,61.04,61.16,61.28,61.4,61.48,61.559999999999995,61.64,61.72,61.8,61.8,61.8,61.8,61.8,61.8,61.7,62.0,62.1,62.2,62.2,62.4,62.3
United States,65.4,65.48,65.56,65.64,65.72,65.8,65.92,66.04,66.16,66.28,66.4,66.14,65.88,65.62,65.36,65.1,64.8,64.5,64.2,63.9,63.6,63.0,62.9,62.5,62.2,62.0,62.2,62.3
Uruguay,60.0,60.44,60.88,61.32,61.760000000000005,62.2,62.28,62.36,62.440000000000005,62.52,62.6,62.58,62.56,62.54,62.52,62.5,63.1,63.7,64.3,64.9,65.5,65.9,65.4,64.9,65.4,65.0,64.7,64.2
Uzbekistan,62.0,62.14,62.28,62.42,62.56,62.7,62.760000000000005,62.82,62.88,62.94,63.0,63.04,63.08,63.120000000000005,63.160000000000004,63.2,63.36,63.52,63.68,63.84,64.0,64.2,64.5,64.7,65.0,65.2,65.3,65.4
Vanuatu,70.4,70.36,70.32000000000001,70.28,70.24000000000001,70.2,70.08,69.96,69.84,69.72,69.6,69.74,69.88,70.02,70.16,70.3,70.32,70.34,70.36,70.38000000000001,70.4,70.4,70.4,70.4,70.4,70.6,70.5,70.5
Venezuela (Bolivarian Republic of),63.4,63.54,63.68,63.81999999999999,63.959999999999994,64.1,64.14,64.17999999999999,64.22,64.25999999999999,64.3,64.44,64.58,64.72,64.86,65.0,64.96,64.92,64.88,64.84,64.8,64.8,64.2,64.3,64.1,63.9,63.0,62.3
Viet Nam,77.2,77.14,77.08,77.02000000000001,76.96000000000001,76.9,76.82000000000001,76.74000000000001,76.66,76.58,76.5,76.42,76.34,76.25999999999999,76.17999999999999,76.1,76.11999999999999,76.14,76.16,76.18,76.2,76.4,76.6,77.6,77.8,77.9,77.4,77.5
Yemen,44.2,44.5,44.800000000000004,45.1,45.400000000000006,45.7,45.760000000000005,45.82,45.88,45.94,46.0,45.24,44.480000000000004,43.72,42.96,42.2,41.660000000000004,41.120000000000005,40.58,40.04,39.5,38.8,38.1,37.5,37.0,37.6,38.2,38.5
Zambia,79.7,79.66,79.62,79.58,79.54,79.5,79.48,79.46000000000001,79.44,79.42,79.4,79.44,79.48,79.52,79.56,79.6,78.97999999999999,78.36,77.74,77.12,76.5,75.9,75.3,75.3,75.3,75.2,75.2,75.2
Zimbabwe,81.7,81.64,81.58,81.52000000000001,81.46000000000001,81.4,81.0,80.60000000000001,80.2,79.80000000000001,79.4,80.0,80.60000000000001,81.2,81.80000000000001,82.4,82.44,82.48,82.52,82.56,82.6,82.7,82.8,83.0,83.1,83.2,83.3,83.4
Andorra,,,,,,,,,,,,,,,,,,,,,,,,,,,,
Antigua and Barbuda,,,,,,,,,,,,,,,,,,,,,,,,,,,,
Dominica,,,,,,,,,,,,,,,,,,,,,,,,,,,,
Micronesia (Federated States of),,,,,,,,,,,,,,,,,,,,,,,,,,,,
Grenada,,,,,,,,,,,,,,,,,,,,,,,,,,,,
Kiribati,,,,,,,,,,,,,,,,,,,,,,,,,,,,
Saint Kitts and Nevis,,,,,,,,,,,,,,,,,,,,,,,,,,,,
Liechtenstein,,,,,,,,,,,,,,,,,,,,,,,,,,,,
Marshall Islands,,,,,,,,,,,,,,,,,,,,,,,,,,,,
Palau,,,,,,,,,,,,,,,,,,,,,,,,,,,,
Seychelles,,,,,,,,,,,,,,,,,,,,,,,,,,,,
