,1995,1996,1997,1998,1999,2000,2001,2002,2003,2004,2005,2006,2007,2008,2009,2010,2011,2012,2013,2014,2015,2016,2017,2018,2019,2020
Afghanistan,25.9,25.9,25.9,25.9,25.9,25.9,25.9,25.9,25.9,25.9,26.6046184738956,26.7746184738956,27.132975206611547,27.30297520661155,27.2846184738956,27.655421686747,27.655421686747,27.655421686747,27.655421686747,27.655421686747,27.555421686747,27.555421686747,27.555421686747,,27.8688524590164,27.0161290322581
Albania,5.2,5.2,5.2,5.2,5.180645161290325,5.180645161290325,5.647142857142855,5.8371428571428545,6.027142857142855,6.574285714285715,7.121428571428569,8.05142857142857,8.98142857142857,9.91142857142857,15.4842857142857,16.4142857142857,15.70714285714285,15.70714285714285,17.878571428571448,20.0,20.70714285714285,22.878571428571448,27.878571428571448,27.857142857142897,29.5081967213115,29.5081967213115
Algeria,3.2,3.2,3.1789473684210554,3.3122807017543883,3.445614035087722,3.7105263157894752,3.840526315789475,5.34483290488432,5.47483290488432,5.60483290488432,5.734832904884319,5.904832904884319,6.8460411311054,7.0160411311054,7.1860411311054,7.3560411311054,7.58457583547558,28.7008658008658,28.7008658008658,28.6508658008658,28.6508658008658,28.7008658008658,23.528787878787902,25.757575757575804,25.757575757575804,25.757575757575804
American Samoa,,,,,,,,,,,,,,,,,,,,,,,,,,
Andorra,7.1,7.1,7.121428571428569,7.121428571428569,7.121428571428569,7.121428571428569,12.842857142857149,14.992857142857149,17.14285714285715,19.292857142857148,28.5857142857143,29.2957142857143,30.005714285714298,28.93,34.99714285714285,35.707142857142856,50.0,50.0,50.0,50.0,39.292857142857144,32.12142857142855,32.12142857142855,32.1428571428571,46.428571428571395,46.428571428571395
Angola,9.5,9.5,9.522727272727275,13.47727272727275,14.47727272727275,15.47727272727275,15.42727272727275,15.37727272727275,15.32727272727275,15.05,15.0,17.36,19.72,33.21636363636365,36.258181818181804,38.6181818181818,38.1909090909091,34.09545454545455,34.09545454545455,36.8090909090909,36.8090909090909,36.8090909090909,30.477272727272748,30.4545454545455,30.0,30.0
Antigua and Barbuda,11.1,11.1,8.18157894736842,7.714912280701753,9.233333333333334,6.78157894736842,7.34157894736842,7.901578947368421,8.46157894736842,11.65315789473685,12.213157894736849,12.76315789473685,13.31315789473685,13.86315789473685,14.413157894736848,14.963157894736849,14.963157894736849,14.963157894736849,14.963157894736849,16.15555555555555,18.40555555555555,18.40555555555555,15.55555555555555,11.1111111111111,11.1111111111111,11.1111111111111
Arab World,,,3.74716124148373,3.4574468085106402,3.61677568295498,3.77068103116583,4.621264767199441,6.130931763075861,6.04810996563574,6.69304319155952,7.03676649622597,9.34959349593497,9.753765240258199,9.80157781496534,9.902309058614561,11.919671777153999,11.328502415458901,14.87204249155,17.369308600337302,17.7934018388318,18.779840848806398,19.2756139915654,18.8840212128199,19.060773480663,17.5665399239544,17.819013726487103
Argentina,22.8,22.8,25.21322957198445,24.96322957198445,21.8,23.879571984435803,24.52,29.23964980544745,30.84964980544745,33.9527450980392,36.7933852140078,36.24972762645915,38.78,38.82,38.12070038910505,38.160700389105045,37.527042801556405,37.527042801556405,36.83793774319065,36.83793774319065,37.1,36.4488326848249,38.5161478599222,38.9105058365759,40.1574803149606,40.8560311284047
Armenia,6.3,6.3,6.307894736842105,5.774561403508772,3.610050890585243,3.07671755725191,3.29671755725191,3.5167175572519103,4.50007633587786,5.10175572519084,5.32175572519084,5.71175572519084,8.010152671755725,8.01847328244275,8.790152671755724,9.180152671755724,8.398473282442751,10.693511450381699,10.693511450381699,10.693511450381699,10.693511450381699,10.693511450381699,18.09761904761905,18.095238095238102,23.4848484848485,23.4848484848485
Aruba,,,,,,,,,,,,,,,,,,,,,,,,,,
Australia,20.5,20.5,18.02027027027025,18.77027027027025,22.974489795918352,23.9864864864865,25.66,25.82666666666665,26.156666666666652,26.15333333333335,26.48333333333335,26.48333333333335,27.48333333333335,27.48333333333335,27.81666666666665,26.48333333333335,26.93333333333335,26.93333333333335,28.55,28.05,28.58333333333335,30.03333333333335,30.68333333333335,28.6666666666667,30.463576158940395,30.463576158940395
Austria,24.7,24.7,25.46475409836065,25.531420765027317,24.96666666666667,25.937978142076503,26.647978142076504,27.94,31.6198907103825,32.3298907103825,33.0398907103825,31.83021857923495,31.7134426229508,28.59120218579235,28.4744262295082,28.0844262295082,28.2844262295082,28.2844262295082,32.76666666666665,31.820218579234947,30.45054644808745,30.45054644808745,34.01311475409835,34.4262295081967,39.344262295082004,39.344262295082004
Azerbaijan,12.0,12.0,12.0,12.0625,12.125,12.375,11.49193548387095,11.55443548387095,11.61693548387095,11.67943548387095,13.0217391304348,12.445161290322599,12.791056910569099,13.0910569105691,13.391056910569098,16.0,16.0,16.0,15.58688524590165,15.58688524590165,16.917741935483846,16.8,16.8,16.8,16.8067226890756,17.3553719008264
Bahamas,19.6,19.6,19.6,19.6,19.6,19.6,21.040000000000003,22.48,23.92,25.36,26.8,25.02,23.24,21.46,19.68,17.9,17.9,16.7,16.7,16.7,16.7,16.7,21.8,,,
"Bahamas, The",,,15.0,15.0,15.0,15.0,15.0,,20.0,20.0,20.0,20.0,12.1951219512195,12.1951219512195,12.1951219512195,12.1951219512195,12.1951219512195,13.1578947368421,13.1578947368421,13.1578947368421,13.1578947368421,13.1578947368421,12.8205128205128,12.8205128205128,12.8205128205128,12.8205128205128
Bahrain,7.5,7.5,7.5,7.5,7.5,7.5,7.5,7.5,3.75,3.75,3.75,5.75,6.5,7.25,8.0,8.75,14.4,14.4,14.4,12.5,11.25,11.25,11.25,15.0,15.0,15.0
Bangladesh,9.1,9.1,9.095454545454544,9.095454545454544,9.095454545454544,9.095454545454544,10.24,6.6899999999999995,7.26,7.83,14.791304347826099,15.316231884057949,16.32,11.706666666666667,18.1953623188406,18.5753623188406,19.70714285714285,19.70714285714285,19.70714285714285,19.8137931034483,20.0,20.0,20.29285714285715,20.2857142857143,20.6303724928367,20.9169054441261
Barbados,18.4,18.4,14.55714285714285,14.890476190476182,15.223809523809514,15.55714285714285,15.277142857142849,14.997142857142851,16.02666666666665,15.746666666666652,15.46666666666665,15.66666666666665,15.866666666666653,14.4,14.600000000000001,14.8,14.8,14.8,19.13333333333335,19.13333333333335,18.13333333333335,18.13333333333335,18.13333333333335,20.0,20.0,20.0
Belarus,29.8,29.8,29.8,29.8,29.8,29.8,20.05463917525775,20.05463917525775,20.05463917525775,29.578899082568803,29.445454545454552,29.67545454545455,29.905454545454553,31.499090909090903,31.7290909090909,31.959090909090904,31.959090909090904,28.052752293578003,28.052752293578003,28.052752293578003,28.23636363636365,34.222727272727255,33.82272727272725,34.545454545454504,40.0,40.0
Belgium,15.8,15.8,14.233333333333348,15.750000000000014,22.599999999999984,24.11666666666665,25.19666666666665,26.27666666666665,33.356666666666655,34.10333333333335,35.18333333333335,35.50333333333335,36.15666666666665,36.476666666666645,38.129999999999995,39.116666666666646,38.45,38.45,38.45,40.866666666666646,40.866666666666646,40.866666666666646,39.7,38.0,42.0,40.6666666666667
Belize,10.8,10.8,7.124137931034485,7.574137931034485,9.748275862068965,10.198275862068964,10.038275862068964,9.878275862068964,7.936666666666666,9.443333333333335,9.283333333333335,9.203333333333335,7.456666666666665,5.71,5.63,5.55,5.55,8.2125,8.2125,8.2125,8.2125,8.2125,10.2375,9.375,9.375,9.375
Benin,7.2,7.2,7.2144578313253,7.014457831325299,6.2120481927710856,6.0120481927710845,6.1320481927710855,6.252048192771085,6.372048192771086,7.0944578313252995,7.2144578313253,7.574457831325299,9.74168674698795,10.10168674698795,10.46168674698795,10.82168674698795,8.41686746987952,8.41686746987952,8.41686746987952,8.41686746987952,7.2144578313253,7.2144578313253,7.2144578313253,7.228915662650599,7.228915662650599,7.228915662650599
Bermuda,,,,,,,,,,,,,,,,,,,,,,,,,,
Bhutan,2.0,2.0,2.0,3.216666666666667,4.433333333333334,9.316666666666666,9.316666666666666,9.316666666666666,9.316666666666666,9.255263157894735,9.316666666666666,6.443333333333335,6.903333333333335,10.285319148936171,10.74531914893617,11.20531914893617,11.20531914893617,11.20531914893617,6.64148936170213,8.40531914893617,8.40531914893617,8.40531914893617,8.40531914893617,14.8936170212766,14.8936170212766,14.8936170212766
Bolivia,,,,,11.5384615384615,11.5384615384615,11.5384615384615,18.461538461538503,18.461538461538503,19.2307692307692,16.923076923076902,16.923076923076902,16.923076923076902,16.923076923076902,22.3076923076923,25.384615384615397,25.384615384615397,25.384615384615397,25.384615384615397,53.0769230769231,53.0769230769231,53.0769230769231,53.0769230769231,53.0769230769231,53.0769230769231,53.0769230769231
Bolivia (Plurinational State of),10.2,10.2,10.2,10.2,10.2,10.2,11.1,12.0,12.899999999999999,13.799999999999999,14.7,17.78,20.86,23.94,27.020000000000003,30.1,30.1,30.1,30.1,51.8,51.8,51.8,51.8,,,
Bosnia and Herzegovina,12.3,12.3,12.3,12.3,12.3,12.3,9.72142857142857,12.3,14.48333333333335,14.48333333333335,14.48333333333335,13.64285714285715,12.80238095238095,13.152380952380952,17.0738095238095,16.23333333333335,20.3642857142857,20.3642857142857,20.3642857142857,20.3642857142857,20.3642857142857,20.3642857142857,20.3642857142857,21.4285714285714,21.4285714285714,21.4285714285714
Botswana,8.5,8.5,8.50531914893617,9.921985815602838,14.166666666666668,17.010638297872347,16.42063829787235,15.83063829787235,15.240638297872348,11.69555555555555,11.10555555555555,10.78555555555555,10.46555555555555,10.14555555555555,8.23825396825397,7.91825396825397,7.91825396825397,7.91825396825397,7.91825396825397,9.51190476190476,9.51190476190476,9.51190476190476,9.51190476190476,9.52380952380952,10.7692307692308,10.7692307692308
Brazil,6.7,6.7,6.66384015594542,6.530506822612086,5.909844054580899,5.776510721247565,6.68130604288499,6.708908382066275,8.19849902534113,8.51849902534113,8.838499025341129,8.9859649122807,9.133430799220267,9.183430799220268,9.1359649122807,9.088499025341129,9.088499025341129,9.088499025341129,9.088499025341129,10.17076023391813,10.37076023391813,10.37076023391813,11.0106237816764,15.009746588694,15.009746588694,14.6198830409357
British Virgin Islands,,,,,,,,,,,,,,,,,,,,,,,,,,
Brunei Darussalam,6.5,6.5,6.5,6.5,6.5,6.5,6.5,6.5,6.5,6.5,6.5,6.5,6.5,6.5,6.5,6.5,6.5,6.5,6.5,6.5,6.5,6.475806451612905,9.095454545454544,9.09090909090909,9.09090909090909,9.09090909090909
Bulgaria,10.8,10.8,10.816666666666652,10.816666666666652,10.816666666666652,10.816666666666652,19.655,20.785,21.915,23.045,22.09166666666665,21.961666666666652,21.62333333333335,21.49333333333335,20.94666666666665,20.81666666666665,20.81666666666665,22.90833333333335,24.59166666666665,20.0,20.40833333333335,20.40833333333335,23.775,23.75,25.8333333333333,26.6666666666667
Burkina Faso,10.8,10.8,9.904504504504505,9.404054054054056,9.354054054054055,9.304054054054056,9.424054054054055,11.34585585585585,11.46585585585585,11.58585585585585,11.70585585585585,12.065855855855851,14.227657657657652,14.587657657657651,14.94765765765765,15.30765765765765,15.30765765765765,15.724015748031501,15.724015748031501,12.55,9.424409448818896,9.424409448818896,11.01181102362205,11.0236220472441,13.3858267716535,13.3858267716535
Burundi,14.4,14.4,14.4,13.1322033898305,10.19145299145299,14.40338983050845,16.13338983050845,19.87787709497205,21.60787709497205,23.33787709497205,31.1042372881356,31.544237288135598,31.984237288135603,32.4242372881356,33.2879661016949,34.0877358490566,32.68809523809525,32.68809523809525,32.68809523809525,32.68809523809525,37.08181818181819,37.08181818181819,37.08181818181819,36.363636363636395,36.363636363636395,38.2113821138211
Cabo Verde,11.1,11.1,11.10555555555555,11.10555555555555,11.10555555555555,11.10555555555555,11.10555555555555,11.10555555555555,11.10555555555555,11.10555555555555,11.10555555555555,13.8888888888889,15.9777777777778,16.6777777777778,17.3777777777778,18.0777777777778,20.81666666666665,20.81666666666665,20.81666666666665,20.81666666666665,20.81666666666665,22.205555555555552,22.205555555555552,23.611111111111104,23.611111111111104,25.0
Cambodia,5.8,5.8,5.816666666666665,6.399999999999999,8.165027322404372,8.338524590163935,8.498524590163935,8.658524590163935,10.008048780487805,10.168048780487805,10.328048780487805,11.138048780487804,16.826097560975597,16.010081300813,19.2591056910569,20.069105691056897,19.412601626016247,19.412601626016247,19.412601626016247,19.412601626016247,19.662601626016247,19.662601626016247,19.412601626016247,20.0,20.0,20.0
Cameroon,5.6,5.6,5.577777777777779,5.577777777777779,5.577777777777779,5.577777777777779,5.907777777777779,7.9044444444444455,8.234444444444446,8.564444444444446,8.894444444444446,9.394444444444446,12.39444444444445,12.89444444444445,13.39444444444445,13.89444444444445,13.89444444444445,13.89444444444445,29.105555555555554,29.105555555555554,29.105555555555554,29.105555555555554,29.105555555555554,31.111111111111104,31.111111111111104,33.8888888888889
Canada,21.2,21.2,20.899003322259148,21.117753322259148,21.336503322259148,22.5125,21.774003322259148,21.992753322259148,22.211503322259148,22.68319805194805,22.90194805194805,22.7596103896104,23.04573770491805,23.448961038961052,23.468961038961048,23.48896103896105,26.22785016286645,26.33766233766235,26.33766233766235,26.79071661237785,27.167751479289947,27.917751479289947,28.18432835820895,26.9461077844311,28.994082840236697,28.994082840236697
Caribbean small states,,,11.570247933884302,12.023460410557199,12.9113924050633,13.225806451612899,14.6153846153846,,15.9353348729792,17.8240740740741,17.8240740740741,17.2413793103448,18.0995475113122,17.4887892376682,17.3814898419865,15.2466367713004,15.848214285714299,16.1797752808989,17.0786516853933,17.155756207675,19.730941704035896,20.4035874439462,21.2527964205817,21.923937360179,22.5950782997763,23.702031602708804
Cayman Islands,,,,,,,,,,,,,,,,,,,,,,,,,,
Central African Republic,3.5,3.5,3.51470588235294,4.148039215686273,6.686391437308867,7.3197247706422,7.6397247706422,7.9597247706422,9.219999999999999,9.86,10.488095238095251,10.398095238095252,10.308095238095252,10.21809523809525,9.697692307692309,9.607692307692309,12.5,12.5,11.175,9.85,8.525,7.197122302158275,8.585714285714285,8.571428571428571,8.571428571428571,8.571428571428571
Central Europe and the Baltics,,,11.482433590402698,10.968294772922,11.482433590402698,12.960082944530802,15.5668358714044,16.1167512690355,16.2675101671938,17.141641854529997,16.7234042553192,17.0991067630795,16.8438962143769,16.8152866242038,17.0700636942675,17.0276008492569,18.4333759046403,19.2671881432688,19.2102015631427,19.705093833780197,20.1164874551971,19.892473118279604,22.304488662656198,22.7209625173531,23.6927348449792,24.525682554373002
Chad,2.4,2.4,2.4,2.4,2.4,2.4,2.8099999999999996,4.04,5.333225806451615,6.065806451612905,6.475806451612905,6.345806451612905,5.570645161290326,5.440645161290325,5.310645161290325,5.180645161290325,12.78297872340425,14.896808510638301,14.896808510638301,14.896808510638301,14.896808510638301,14.896808510638301,12.78297872340425,15.2542372881356,14.880952380952401,15.4320987654321
Channel Islands,,,,,,,,,,,,,,,,,,,,,,,,,,
Chile,7.2,7.2,7.35,9.299999999999985,9.583333333333318,9.866666666666651,10.16666666666665,11.3,11.6,11.9,13.45,13.65,13.850000000000001,14.05,13.83333333333335,14.03333333333335,14.03333333333335,14.03333333333335,16.16666666666665,16.16666666666665,15.816666666666652,15.816666666666652,15.8,22.580645161290303,22.580645161290303,22.580645161290303
China,21.8,21.8,21.8,21.80970124202755,21.80970124202755,21.79142091152815,21.64142091152815,21.491420911528152,20.567252931323303,20.4172529313233,20.28422818791945,20.384228187919447,20.6604961187985,21.1128724472715,21.2128724472715,21.312872447271502,21.3115177971793,21.3115177971793,23.400703046535,23.400703046535,23.61142277796555,23.61142277796555,24.223803009575903,24.899328859060397,24.941176470588196,24.941176470588196
Colombia,9.8,9.8,10.7282208588957,10.6,11.600621118012402,12.0006211180124,11.870621118012401,11.864096385542151,11.73409638554215,11.60409638554215,11.51060606060605,9.95686746987952,10.24686746987952,10.536867469879521,10.82686746987952,13.2253012048193,12.860606060606049,12.860606060606049,12.860606060606049,20.3897590361446,20.3897590361446,20.3897590361446,19.23734939759035,18.1286549707602,18.7134502923977,18.3431952662722
Comoros,0.1,0.1,0.05,0.23125,0.825,1.1875,1.55,1.9125,2.275,2.8339015151515152,3.0151515151515147,3.0151515151515147,3.0151515151515147,3.0151515151515147,1.5,3.0151515151515147,3.0151515151515147,3.0151515151515147,3.0151515151515147,3.0151515151515147,3.0151515151515147,3.0151515151515147,6.08030303030303,6.06060606060606,6.06060606060606,16.6666666666667
Congo,12.0,12.0,12.0,12.0,12.0,12.0,11.62,11.24,10.86,10.48,10.1,9.92,9.74,9.559999999999999,9.379999999999999,9.2,9.6,9.6,9.6,11.5,11.5,11.5,14.0,,,
Congo (Democratic Republic of the),10.2,10.2,10.2,10.2,10.2,10.2,10.2,10.2,10.2,10.2,10.2,9.7,9.2,8.7,8.2,7.7,8.0,8.3,8.3,9.7,8.2,8.2,8.2,,,
"Congo, Dem. Rep.",,,,,,,,,,12.0,12.0,8.4,8.4,8.4,8.4,8.4,,8.943089430894311,8.943089430894311,10.6425702811245,8.943089430894311,8.943089430894311,8.943089430894311,8.943089430894311,10.0,12.8
"Congo, Rep.",,,,12.0,12.0,12.0,12.0,,8.527131782945741,8.527131782945741,8.527131782945741,8.527131782945741,7.299270072992701,7.299270072992701,7.299270072992701,7.299270072992701,7.299270072992701,7.35294117647059,7.35294117647059,7.35294117647059,7.35294117647059,7.35294117647059,11.2582781456954,11.2582781456954,11.2582781456954,11.2582781456954
Costa Rica,15.8,15.8,15.794736842105252,18.132456140350882,18.715789473684218,19.29912280701755,20.879122807017552,30.353859649122803,31.9338596491228,33.5138596491228,35.093859649122805,37.1982456140351,36.671052631578945,37.021052631578954,37.37105263157895,38.5982456140351,38.5982456140351,38.5982456140351,38.5982456140351,33.31666666666665,33.31666666666665,33.31666666666665,35.093859649122805,45.614035087719294,45.614035087719294,45.614035087719294
Cote d'Ivoire,,,8.0,8.0,8.0,,8.52017937219731,8.52017937219731,8.52017937219731,8.52017937219731,8.52017937219731,8.52017937219731,8.866995073891632,8.866995073891632,8.866995073891632,8.866995073891632,11.0236220472441,10.4417670682731,10.4417670682731,9.44881889763779,9.163346613545821,9.163346613545821,10.5882352941176,10.5882352941176,10.9803921568627,11.372549019607801
Croatia,7.2,7.2,7.5370078740157505,9.020341207349084,10.503674540682418,18.314900662251652,18.87490066225165,19.43490066225165,19.46,21.14526315789475,21.70526315789475,21.885263157894748,21.6675163398693,21.8475163398693,23.33470588235295,23.51470588235295,23.8205298013245,23.8205298013245,23.8205298013245,23.8205298013245,15.215894039735097,12.5913907284768,18.521523178807946,18.543046357615896,20.5298013245033,29.8013245033113
Cuba,22.8,22.8,22.77521222410865,26.010316139767053,26.810316139767053,27.61031613976705,28.450316139767054,29.29031613976705,34.30029556650245,35.140295566502445,35.98029556650245,36.70029556650245,37.420295566502446,41.7398045602606,42.45980456026061,43.17980456026061,45.2109215017065,45.2109215017065,48.8781045751634,48.8781045751634,48.8781045751634,48.8781045751634,48.8781045751634,53.223140495867796,53.223140495867796,53.223140495867796
Curacao,,,,,,,,,,,,,,,,,,,,,,,,,,
Cyprus,5.4,5.4,5.37857142857143,5.661904761904763,5.945238095238096,7.121428571428569,9.80714285714285,10.707142857142848,11.60714285714285,15.1857142857143,16.0857142857143,14.83285714285715,14.47285714285715,14.11285714285715,12.86,12.5,10.707142857142848,10.707142857142848,10.707142857142848,12.5,12.5,17.878571428571448,17.878571428571448,17.8571428571429,17.8571428571429,19.6428571428571
Czech Republic,,,15.0,15.0,15.0,15.0,15.0,17.0,17.0,17.0,17.0,15.5,15.5,15.5,15.5,22.0,22.0,22.0,19.5,19.5,20.0,20.0,22.0,22.0,22.5,22.5
Czechia,13.9,13.9,13.9,14.125,14.35,14.575,14.8,15.025,15.25,15.475,15.7,16.759999999999998,17.82,18.88,19.939999999999998,21.0,21.0,20.6,18.9,18.5,19.6,19.6,21.1,,,
CÃ´te d'Ivoire,8.0,8.0,8.0,8.0625,8.125,8.1875,8.25,8.3125,8.375,8.4375,8.5,8.58,8.66,8.74,8.82,8.9,11.0,10.4,10.4,9.4,9.2,9.2,9.2,,,
Denmark,33.0,33.0,32.9804469273743,35.948417132216036,36.681750465549364,37.4150837988827,37.3,37.59441340782125,37.54441340782125,37.49441340782125,36.88575418994415,36.99575418994415,37.66441340782124,37.77441340782125,37.88441340782125,37.99441340782125,39.1030726256983,39.1030726256983,39.1030726256983,39.1030726256983,37.4150837988827,37.4150837988827,37.4150837988827,37.4301675977654,39.106145251396605,39.664804469273705
Djibouti,0.1,0.1,0.1,0.05,0.05,0.05,1.12,2.19,8.644615384615399,9.7146153846154,10.7846153846154,11.0846153846154,12.9230769230769,13.223076923076901,13.5230769230769,13.8230769230769,13.8230769230769,13.8230769230769,12.713636363636349,12.713636363636349,12.713636363636349,12.713636363636349,10.7846153846154,26.153846153846196,26.153846153846196,26.153846153846196
Dominica,9.4,9.4,9.3875,9.60625,9.825,10.7125,14.95,15.16875,15.3875,15.9086693548387,12.9016129032258,12.8616129032258,14.43451612903225,15.705,13.432857142857149,12.5,12.5,12.5,12.5,12.9016129032258,21.8875,21.8875,25.0,25.0,25.0,34.375
Dominican Republic,10.0,10.0,10.83333333333335,13.8036912751678,14.5536912751678,15.3036912751678,15.3936912751678,16.09666666666665,16.18666666666665,16.27666666666665,16.36666666666665,17.9014606741573,18.271460674157304,18.6414606741573,19.0114606741573,19.9325136612022,19.9325136612022,19.9325136612022,19.9325136612022,19.9325136612022,19.9325136612022,25.57105263157895,25.57105263157895,26.842105263157897,26.842105263157897,27.894736842105303
Early-demographic dividend,,,8.331444116980279,8.84310618066561,8.80897791721974,9.67302452316077,9.52161913523459,11.0885504794134,11.265911596672302,12.145948072384,12.886882829771599,13.4315670161519,14.7212039359444,15.5450936951906,16.9882437404649,17.4212084276511,17.557797018655698,19.2942010994857,20.0692707331153,21.0731795896132,22.1625127397387,22.345321288563103,22.305376344086,22.789593953243102,22.948551664505,23.637316561844898
East Asia & Pacific,,,,16.0468319559229,16.8456071374566,16.357597564351,16.5537270087125,17.2167587228883,16.069600818833198,16.6253425551351,16.9089021541656,17.2857917570499,17.7502307793749,17.9584866001051,18.3339871845168,17.7694235588972,17.6986775429489,17.8567039449428,18.827425487550602,18.5955127392572,19.2873741285825,19.4261880687563,19.810606060606002,20.2357071213641,20.503814944895197,20.8520451511106
East Asia & Pacific (IDA & IBRD),,,,17.1707856879381,18.250471994965398,16.9216589861751,17.203723594701,17.8749111584933,16.812303390423,16.7495285444883,16.868085106383,17.2488296723082,17.6808066759388,17.975778546712803,18.796216680997397,18.103448275862103,18.0874840357599,18.4285714285714,19.632678910703,19.2828816920027,20.064178348252,20.2083677856789,20.5111294311624,21.0586505472962,21.1529448523668,21.4151534126487
East Asia & Pacific (excluding high income),,,,17.596707818930103,18.5977859778598,17.3228346456693,17.6150024042315,18.2136602451839,16.8594461969857,17.190872648782,17.2947303921569,17.6574834863863,18.032786885245898,18.2962847815949,18.5528756957328,17.9385384502279,17.926846898944603,18.23673234575,19.3168771526981,19.063245823389,19.7626654495664,19.868637110016397,20.1280333482209,20.6260150597962,20.856373174535698,21.09375
Ecuador,3.7,3.7,3.6792682926829254,12.344352617079865,14.161019283746532,14.6170731707317,14.7570731707317,15.16,15.719999999999999,15.86,16.0,22.13,23.759999999999998,25.39,30.649032258064498,32.2790322580645,32.2790322580645,32.2790322580645,38.693065693430654,41.6029197080292,41.6029197080292,41.6029197080292,37.978102189781,37.956204379562,37.956204379562,39.4160583941606
Egypt,2.0,2.0,2.0,2.0,2.0,2.0,2.36,2.7199999999999998,3.08,3.44,3.8,3.571428571428571,3.342857142857143,3.1142857142857143,2.8857142857142857,2.6571428571428575,2.428571428571429,2.2,5.375,8.55,11.724999999999998,14.9,14.9,,,
"Egypt, Arab Rep.",,,1.9823788546255499,1.9823788546255499,1.9823788546255499,1.9823788546255499,2.42290748898678,2.42290748898678,2.42290748898678,2.8634361233480203,1.9823788546255499,2.0361990950226203,1.80995475113122,1.80995475113122,1.76211453744493,12.6953125,1.96850393700787,1.96850393700787,,,,14.932885906040301,14.932885906040301,14.932885906040301,14.932885906040301,15.1006711409396
El Salvador,15.5,15.5,15.488095238095251,15.08333333333335,14.08333333333335,9.51190476190476,9.63190476190476,9.751904761904761,10.46714285714285,10.58714285714285,10.707142857142848,14.51333333333335,15.34333333333335,16.17333333333335,18.1938095238095,19.023809523809497,19.023809523809497,26.195238095238096,26.195238095238096,27.3904761904762,32.12142857142855,32.12142857142855,32.12142857142855,30.952380952381002,30.952380952381002,33.3333333333333
Equatorial Guinea,8.8,8.8,8.775,8.141666666666667,5.633333333333334,5.0,6.3,7.6,8.9,16.7,18.0,17.2,16.4,9.6,10.8,10.0,10.0,10.0,11.21060606060605,21.15,21.85,21.85,19.7,20.0,21.0,21.0
Eritrea,21.0,21.0,20.976190476190503,19.9261904761905,15.733333333333348,14.683333333333348,15.413333333333348,19.810000000000002,20.54,21.27,22.0,22.0,22.0,22.0,22.0,22.0,22.0,22.0,22.0,22.0,22.0,22.0,22.0,22.0,22.0,
Estonia,10.9,10.9,10.895544554455451,12.04554455445545,16.6608910891089,17.8108910891089,17.9108910891089,18.0108910891089,18.6059405940594,18.7059405940594,18.8059405940594,19.2059405940594,20.5960396039604,20.9960396039604,22.3861386138614,22.786138613861404,19.8009900990099,20.796039603960402,20.796039603960402,19.0,23.7811881188119,23.7811881188119,26.71633663366335,26.7326732673267,29.7029702970297,28.712871287128703
Eswatini,,,3.125,3.125,3.07692307692308,3.07692307692308,3.07692307692308,3.07692307692308,10.7692307692308,10.7692307692308,10.7692307692308,10.7692307692308,10.7692307692308,13.8461538461538,13.6363636363636,13.6363636363636,13.6363636363636,13.6363636363636,6.153846153846151,6.153846153846151,6.153846153846151,6.153846153846151,6.153846153846151,7.2463768115942,7.2463768115942,9.58904109589041
Eswatini (Kingdom of),8.5,8.5,8.5,7.766666666666667,7.033333333333333,6.3,8.4,10.5,12.600000000000001,14.7,16.8,17.82,18.84,19.86,20.88,21.9,21.9,21.9,14.7,14.7,14.7,14.7,14.7,,,
Ethiopia,21.0,21.0,11.524208566108005,11.524208566108005,11.512891344383055,14.346153846153845,14.33912248628885,14.33912248628885,14.33912248628885,14.33912248628885,21.2142857142857,21.9140831758034,22.3640831758034,22.8140831758034,23.2640831758034,26.64396709323585,26.64396709323585,26.64396709323585,26.64396709323585,26.64396709323585,38.0284277879342,38.0284277879342,38.0284277879342,38.7568555758684,38.7568555758684,38.7568555758684
Euro area,,,16.868848706797902,17.0290684367132,18.281885618569,19.3314633006078,19.1294387170676,19.0823015294974,20.690459528808,21.705046545810898,22.160148975791397,23.0394431554524,24.652133580704998,24.9594438006953,25.4625346901018,25.3237742830712,26.0467268100856,27.4242073594075,29.965397923875397,30.1107521919705,30.196078431372598,30.3212387335336,31.213084961381195,31.9700068166326,33.3711949114039,33.6512261580381
Europe & Central Asia,,,14.511278195488698,15.1596272060282,16.0555729656325,16.562282533055,16.537589724216097,18.3352674332735,17.7636570561457,18.8124575531192,19.16161998486,19.532967032967,21.0099352839304,21.348832918165897,21.894621894621896,21.993469980047198,22.704174228675104,23.750787791482896,24.797625472207198,25.348495964783602,25.743119266055004,26.0058791107845,27.3847852083525,27.953837699212304,29.4559443121451,30.127324356508197
Europe & Central Asia (IDA & IBRD),,,7.185628742514971,7.70121598147076,,8.62265224815026,10.7617896009673,12.8354348528936,10.6425702811245,12.4209461168733,12.347218757795,12.793373216751,14.812286689419802,15.1031894934334,15.8193372673627,15.881955395359302,16.8845807033363,18.232044198895,18.429203539823,18.8696039163329,18.886414253897602,19.2419175027871,21.1389521640091,21.4511041009464,23.1913455037187,24.1542625169148
Europe & Central Asia (excluding high income),,,6.270305393112401,6.7749603803486504,,7.302790217016879,8.93362692670651,,9.24819125511167,10.8673978065803,10.795825179386801,11.519247722597699,14.310544611819198,14.501055170334599,15.351257588898498,15.4352806414662,16.2231759656652,17.846944603083998,18.1012296253932,18.5558112773303,18.5163887291547,19.090123812266103,20.3768115942029,20.7833047455689,22.705175865027197,23.526044647968
European Union,,,17.0148805050353,17.059972944536298,17.9947392851617,19.5739227935287,19.5504926108374,20.2830922382952,21.3775985107043,22.072425145007,22.178398058252398,22.8848191312245,23.8765320018157,24.153567110036303,24.467924528301896,24.377358490566,25.113327289211195,26.0376231710958,27.681764004767604,28.2405276882957,28.266543835406104,28.2859338970023,29.7895222000307,30.5162876459742,31.8174834844062,32.2377514974658
Faroe Islands,,,,,,,,,,,,,,,,,,,,,,,,,,
Fiji,5.8,5.8,5.0428571428571445,5.286607142857145,9.0213028169014,7.262499999999999,6.732142857142855,6.9758928571428545,7.219642857142855,8.831602112676055,9.075352112676054,10.177777777777777,10.655555555555555,11.133333333333333,11.61111111111111,12.088888888888889,12.566666666666666,13.044444444444444,13.522222222222222,14.0,16.0,16.0,16.0,19.6078431372549,19.6078431372549,19.6078431372549
Finland,33.5,33.5,33.5,34.0,36.25,36.5,36.6,36.7,37.3,37.4,37.5,38.0,40.0,40.25,39.75,40.0,42.5,42.5,42.5,42.5,41.5,41.5,42.0,42.0,47.0,46.0
Fragile and conflict affected situations,,,,,,,8.7701355152135,10.315789473684198,,11.0333935018051,11.9006849315069,13.103802672148,13.329884462838399,13.278716504523,13.020156046814,13.2996367082609,14.643219479201901,15.2282676672921,16.610224157394,15.599865951742599,17.5158227848101,17.4069440100094,17.887513053856498,17.6251743915672,17.2994440031771,18.375145372985603
France,9.0,9.0,9.959272097053748,9.975938763720416,9.992605430387083,10.00927209705375,10.48927209705375,11.57585788561525,12.087560975609751,12.567560975609751,13.04756097560975,13.657560975609751,17.2687868284229,17.878786828422903,18.83540727902945,19.44540727902945,19.49540727902945,25.981542461005198,25.981542461005198,25.9349220103986,25.9349220103986,25.9349220103986,37.19740034662045,39.5833333333333,39.688041594454106,39.514731369150795
French Polynesia,,,,,,,,,,,,,,,,,,,,,,,,,,
Gabon,9.6,9.6,8.966666666666665,9.183333333333332,9.399999999999999,10.033333333333335,10.133333333333335,10.2718487394958,10.3718487394958,10.471848739495801,10.571848739495799,12.620000000000001,15.123333333333349,15.54333333333335,14.95758620689655,15.37758620689655,14.983333333333348,16.24473684210525,16.24473684210525,15.4,15.08333333333335,15.08333333333335,17.247008547008548,,17.910447761194,14.7887323943662
Gambia,2.0,2.0,2.0,2.0,2.0,2.0,4.24,6.4799999999999995,8.719999999999999,10.959999999999999,13.2,12.059999999999999,10.92,9.78,8.64,7.5,7.5,7.5,7.5,9.4,9.4,9.4,10.3,,,
"Gambia, The",,,2.04081632653061,2.04081632653061,2.04081632653061,2.04081632653061,2.04081632653061,5.660377358490571,13.207547169811301,13.207547169811301,13.207547169811301,13.207547169811301,9.433962264150939,9.433962264150939,7.5471698113207495,7.5471698113207495,7.5471698113207495,7.5471698113207495,7.5471698113207495,9.433962264150939,9.433962264150939,9.433962264150939,10.3448275862069,10.3448275862069,10.3448275862069,8.62068965517241
Georgia,6.9,6.9,6.913203463203465,6.963203463203465,7.1000000000000005,7.217021276595745,7.437021276595745,7.657021276595746,7.877021276595745,9.160851063829785,9.380851063829784,9.090851063829785,8.800851063829786,6.83,6.094744525547445,6.510869565217391,6.5846715328467145,12.0,12.0,12.0,11.316666666666652,16.0,16.0,16.0,14.7651006711409,14.0939597315436
Germany,25.5,25.5,25.8452380952381,26.661904761904765,29.854185351270534,30.6708520179372,30.75054054054055,31.306235489220548,31.31623548922055,31.615000000000002,31.129478827361552,31.16804560260585,31.31381729200655,31.704771241830052,32.12871382636655,32.24871382636655,32.6516129032258,32.6516129032258,36.02503961965135,36.02503961965135,36.67503961965135,36.67503961965135,31.1237658674189,30.7475317348378,30.8885754583921,31.1706629055007
Ghana,9.0,9.0,9.0,9.11875,9.2375,9.7125,9.475,9.59375,9.7125,10.76603260869565,10.88478260869565,10.62478260869565,10.36478260869565,8.61736842105263,8.540434782608695,8.280434782608696,8.280434782608696,9.600000000000001,10.90454545454545,10.90454545454545,10.90454545454545,10.90454545454545,12.713636363636349,12.727272727272698,13.090909090909099,13.090909090909099
Gibraltar,,,,,,,,,,,,,,,,,,,,,,,,,,
Greece,6.3,6.3,6.316666666666665,6.716666666666665,7.116666666666665,8.683333333333334,9.113333333333333,9.543333333333335,9.973333333333334,13.07,13.0,13.43,14.69333333333335,15.123333333333349,16.88666666666665,17.31666666666665,18.68333333333335,21.0,21.0,21.0,19.68333333333335,19.68333333333335,18.31666666666665,18.6666666666667,20.6666666666667,21.6666666666667
Greenland,,,,,,,,,,,,,,,,,,,,,,,,,,
Grenada,17.9,17.9,18.95,18.95,17.9,22.28333333333335,23.703333333333347,25.12333333333335,26.54333333333335,27.963333333333352,29.38333333333335,28.31333333333335,27.24333333333335,19.50666666666665,18.43666666666665,17.36666666666665,15.61666666666665,15.61666666666665,29.16666666666665,29.16666666666665,29.16666666666665,29.16666666666665,29.16666666666665,46.6666666666667,46.6666666666667,46.6666666666667
Guam,,,,,,,,,,,,,,,,,,,,,,,,,,
Guatemala,12.5,12.5,12.5,11.883333333333333,8.556489675516227,8.824778761061946,8.764778761061946,8.704778761061945,8.333924050632909,8.27392405063291,8.21392405063291,8.59392405063291,10.872658227848099,11.2526582278481,11.6326582278481,12.0126582278481,13.29556962025315,13.29556962025315,13.29556962025315,13.29556962025315,13.9120253164557,13.9120253164557,12.67911392405065,12.658227848101301,19.375,19.375
Guinea,7.0,7.0,7.00877192982456,8.185964912280701,8.4859649122807,8.7859649122807,9.835964912280701,13.0,17.199122807017552,18.24912280701755,19.29912280701755,19.443567251461992,19.588011695906438,20.166666666666668,20.455555555555556,20.744444444444444,21.03333333333333,21.322222222222223,21.61111111111111,21.91491228070175,21.91491228070175,21.91491228070175,21.91491228070175,21.9298245614035,22.8070175438596,16.6666666666667
Guinea-Bissau,10.0,10.0,10.0,9.633333333333333,8.533333333333333,7.821568627450979,8.44156862745098,9.06156862745098,11.52,13.379999999999999,14.0,13.6,13.2,10.8,10.4,10.0,10.0,14.0,14.0,13.7127450980392,13.7127450980392,13.7127450980392,13.7127450980392,13.7254901960784,13.7254901960784,13.7254901960784
Guyana,18.5,18.5,18.5,18.5,18.48076923076925,18.48076923076925,19.71076923076925,21.71,22.939999999999998,29.5546153846154,30.7846153846154,29.8127536231884,29.7327536231884,30.16,30.08,30.0,31.3216417910448,31.3216417910448,31.3216417910448,31.3216417910448,30.41739130434785,30.41739130434785,31.89202898550725,31.8840579710145,31.8840579710145,35.384615384615394
Haiti,9.1,9.1,6.35722891566265,6.35722891566265,6.35722891566265,9.1,6.35722891566265,6.35722891566265,6.35722891566265,6.35722891566265,6.35722891566265,5.145408163265305,5.740816326530609,5.31581632653061,4.89081632653061,7.98055555555555,4.1052631578947345,3.855263157894735,3.855263157894735,3.855263157894735,3.855263157894735,0.05,2.621186440677965,2.5423728813559303,2.5423728813559303,
Heavily indebted poor countries (HIPC),,,8.939566704675029,9.34030045721751,9.11934552454283,,11.9157472417252,13.515298261061,13.521344407958301,14.057453680095199,16.8959653733189,17.1120558761008,17.634474327628396,17.5921605226318,17.7140255009107,18.3136327817179,20.353707725721396,21.498321635642398,22.105263157894697,22.1501976284585,23.8495575221239,24.028946979766697,24.309313585873,24.050267225191398,24.122612172367802,25.405656003708895
High income,,,15.809968847352,15.897386065494098,16.874314761287803,,17.7728687619239,18.4163167366527,18.917596398512398,19.452001554605502,20.0531965422248,20.5536594615093,21.3550033071908,21.568812535397395,22.0858895705521,22.181337862062502,22.757773367356602,23.273034023807302,24.6865057084035,25.219465648855,25.8018463881222,25.8481421647819,27.145325398348998,27.793018635890604,28.971255673222398,29.599848642512498
Honduras,9.4,9.4,9.4,9.3875,9.3875,9.3875,10.7875,10.234375,11.634374999999999,13.034375,23.41875,22.87875,22.338749999999997,21.79875,18.524375,17.984375,19.515625,19.515625,22.65,25.790625,25.790625,25.790625,25.8,21.09375,21.09375,21.09375
"Hong Kong SAR, China",,,,,,,,,,,,,,,,,,,,,,,,,,
"Hong Kong, China (SAR)",,,,,,,,,,,,,,,,,,,,,,,,,,
Hungary,11.4,11.4,11.399481865284951,9.328411053540588,8.811744386873922,8.295077720207257,8.375077720207255,8.843678756476685,9.312279792746114,9.015454545454546,9.095454545454544,9.73134715025905,10.1199481865285,10.1199481865285,10.1199481865285,9.083678756476685,8.804145077720205,8.804145077720205,8.804145077720205,10.0751256281407,10.100505050505049,10.100505050505049,10.0751256281407,12.5628140703518,12.5628140703518,12.060301507537698
IBRD only,,,9.285892426635632,12.6757607555089,12.5875672885481,12.7028539451595,13.1115072291543,14.4545831605143,13.965022187418402,14.8755081300813,14.468708063925801,15.1577669902913,15.9213201004424,16.3547746555148,17.3006062046832,17.643244517802398,17.9595278246206,19.277037386484302,20.393939393939398,21.009082991165897,21.2767295597484,21.754197287447,22.290512992149896,22.9814781514116,23.5428370786517,23.8145416227608
IDA & IBRD total,,,8.70701369290269,10.942867474236099,11.025401660688901,11.433773752276,11.990240501917,13.270311245875302,13.0452777087989,13.832784413316901,14.505170982109199,15.002065882883198,15.9139623209115,16.4994425863991,17.2442756454735,17.4158523344191,18.185089234312,19.2862190812721,19.9911803616052,20.416210295728398,21.1163465023559,21.454074488938698,21.8621778011573,22.1928339681196,22.5355557885173,23.0771945924959
IDA blend,,,,,,,,10.6394707828004,10.674429888403699,11.554404145077699,12.176165803108802,12.412304371289801,13.1434830230011,13.578947368421,13.901808785529699,13.7842023748064,14.1231246766684,14.3666323377961,18.9073634204276,18.8950789229341,18.5543278084714,18.646408839779,19.034482758620697,19.102153000458102,18.918918918918898,20.438957475994503
IDA only,,,8.11091854419411,8.08411214953271,7.9623287671232905,9.632378932484972,,11.2593556784901,11.6865869853918,12.2359505779195,15.1285189718482,15.2714113389626,16.5277950503669,17.4472649267072,17.8844815588031,17.779814411731,19.4381415451108,20.319148936170198,19.4841408156152,19.733682602052,21.433074175246897,21.5653794388653,21.772484102150003,21.517386722866203,21.5386261502247,22.323990289119397
IDA total,,,7.72695285010556,7.77877123515136,,,,11.1180904522613,11.450554424077803,12.096859469176302,14.5643564356436,14.7490880410135,15.901489814533301,16.7330677290837,17.1544946481008,17.054190886930403,18.5198426885949,19.299947099277002,19.3707991038088,19.574054436196498,20.898203592814397,21.0294987744062,21.2795894719417,21.0657071875268,21.042588255703002,21.9575073339853
Iceland,25.4,25.4,25.3984126984127,26.981746031746034,33.326984126984115,34.910317460317444,34.75031746031745,34.59031746031745,32.049365079365096,31.8893650793651,33.31666666666665,34.27666666666665,35.23666666666665,36.19666666666665,41.91857142857145,42.87857142857145,39.69126984126986,39.69126984126986,39.69126984126986,39.69126984126986,41.28492063492065,47.60952380952381,38.09761904761905,38.0952380952381,38.0952380952381,38.0952380952381
India,7.3,7.3,7.227981651376145,7.82656537753223,8.120183486238535,8.528676470588236,8.569889502762429,8.694889502762429,8.819889502762429,8.653440366972479,8.79364640883978,8.91844036697248,9.45865064695009,9.598650646950091,10.622844036697249,10.762844036697249,10.9545871559633,10.9545871559633,10.9545871559633,11.60902394106815,12.0852670349908,11.8352670349908,11.704059040590401,11.808118081180801,14.3911439114391,14.3646408839779
Indonesia,11.4,11.4,11.4,10.833333333333334,9.133333333333333,8.0,8.33,8.66,8.99,10.956363636363651,11.286363636363651,11.956363636363651,12.8081818181818,13.478181818181799,17.25857142857145,18.01785714285715,18.20714285714285,18.585714285714303,18.585714285714303,16.918468468468447,17.10855855855855,17.10855855855855,19.8107142857143,19.8214285714286,17.3913043478261,20.347826086956502
Iran (Islamic Republic of),4.9,4.9,4.9,4.4,3.9000000000000004,3.4,3.54,3.6799999999999997,3.82,3.96,4.1,3.84,3.5799999999999996,3.32,3.0599999999999996,2.8,2.8,3.1,3.1,3.1,3.1,5.9,5.9,,,
"Iran, Islamic Rep.",,,4.88721804511278,4.88721804511278,4.88721804511278,3.44827586206897,3.44827586206897,4.13793103448276,4.13793103448276,4.13793103448276,4.13793103448276,4.13793103448276,4.13793103448276,2.7972027972027997,2.75862068965517,2.75862068965517,2.75862068965517,3.10344827586207,3.10344827586207,3.10344827586207,3.10344827586207,5.882352941176469,5.882352941176469,5.882352941176469,5.882352941176469,5.7971014492753605
Iraq,6.4,6.4,6.4,6.6,6.800000000000001,7.6,8.48,9.36,12.88,14.64,16.4,21.807272727272753,22.68727272727275,23.56727272727275,24.44727272727275,25.2153846153846,25.2153846153846,25.2153846153846,25.2153846153846,25.30243902439025,26.512195121951198,26.512195121951198,25.30243902439025,25.2279635258359,25.2279635258359,26.4437689969605
Ireland,13.7,13.7,12.874096385542149,12.874096385542149,12.874096385542149,12.874096385542149,12.92409638554215,13.5765060240964,13.6265060240964,13.676506024096401,13.7265060240964,13.9165060240964,14.1065060240964,14.2965060240964,14.82969696969695,15.01969696969695,17.0301204819277,17.0301204819277,17.7813253012048,17.5813253012048,18.082530120481948,23.2259493670886,23.2259493670886,22.1518987341772,22.1518987341772,22.5
Isle of Man,,,,,,,,,,,,,,,,,,,,,,,,,,
Israel,7.5,7.5,7.5,8.333333333333332,11.250000000000016,12.5,13.16666666666665,13.83333333333335,14.5,14.75,15.0,15.003333333333348,15.42333333333335,15.843333333333348,18.34666666666665,19.18333333333335,20.0,20.0,22.5,22.5,26.68333333333335,26.68333333333335,27.5,27.5,23.3333333333333,27.5
Italy,10.0,10.0,10.55555555555555,10.55555555555555,10.55555555555555,10.55555555555555,9.96063492063492,10.00063492063492,10.8643365695793,10.922987012987,10.962987012987,14.84079365079365,15.83079365079365,18.80492063492065,19.79492063492065,20.784920634920653,21.093650793650802,21.0142857142857,31.014285714285702,31.014285714285702,30.5261904761905,30.5261904761905,30.5261904761905,35.7142857142857,35.7142857142857,35.7142857142857
Jamaica,12.3,12.3,11.983333333333348,13.546327683615818,14.049999999999985,14.66666666666665,14.426666666666652,15.04,13.113333333333347,12.873333333333349,12.633333333333349,12.633333333333349,13.46666666666665,13.46666666666665,13.46666666666665,13.46666666666665,14.09920634920635,14.09920634920635,14.09920634920635,14.69920634920635,14.69920634920635,18.23015873015875,18.23015873015875,17.4603174603175,17.4603174603175,17.4603174603175
Japan,7.7,7.7,6.15,6.6499999999999995,7.1499999999999995,8.995833333333334,8.995833333333334,8.995833333333334,8.891666666666666,8.891666666666666,9.829166666666666,10.3275,10.6175,10.907499999999999,12.135,12.425,12.116666666666651,9.608333333333334,9.4625,9.4625,10.53684210526316,11.38684210526316,11.9037634408602,10.1075268817204,10.1075268817204,9.89247311827957
Jordan,1.7,1.7,0.85,0.9833333333333333,1.1166666666666667,1.25,2.355,2.835,5.417272727272725,5.897272727272725,6.377272727272725,6.867272727272725,7.81181818181818,8.301818181818179,8.79181818181818,11.516666666666652,10.96666666666665,10.96666666666665,12.1310810810811,12.0,11.8,15.3923076923077,15.3923076923077,15.3846153846154,15.3846153846154,15.3846153846154
Kazakhstan,11.4,11.4,12.41641791044775,12.383084577114417,11.038738738738733,10.7948051948052,10.5348051948052,10.2748051948052,10.0148051948052,9.7548051948052,9.494805194805199,9.994805194805199,13.243925233644848,13.743925233644848,15.178504672897198,15.678504672897198,15.678504672897198,21.24953271028035,21.24953271028035,22.5086956521739,23.1341121495327,23.9514018691589,24.6014018691589,27.1028037383178,27.1028037383178,27.1028037383178
Kenya,3.0,3.0,2.985148514851485,3.4018018018018,3.485714285714285,3.5857142857142845,3.9357142857142846,4.285714285714285,6.421428571428569,6.77142857142857,7.121428571428569,7.47296803652968,7.7131884057971,9.270714285714286,9.540714285714287,9.810714285714287,9.810714285714287,9.810714285714287,19.2357142857143,19.72142857142855,20.257142857142853,20.257142857142853,22.538252148997152,21.7765042979943,21.7765042979943,21.7765042979943
Kiribati,0.1,0.1,0.05,0.8500000000000002,4.0890243902439,4.8890243902439,4.82095238095238,4.81095238095238,4.84,4.79095238095238,4.78095238095238,5.921428571428569,4.47391304347826,4.42391304347826,4.373913043478259,4.32391304347826,8.69782608695652,8.69782608695652,8.69782608695652,8.69782608695652,8.69782608695652,6.510869565217391,6.510869565217391,6.5217391304347805,6.5217391304347805,8.888888888888891
Korea (Democratic People's Rep. of),20.1,20.1,20.1,20.1,20.1,20.1,20.1,20.1,20.1,20.1,20.1,19.200000000000003,18.3,17.4,16.5,15.6,15.6,15.6,15.6,16.3,16.3,16.3,16.3,,,
Korea (Republic of),3.0,3.0,3.0,3.966666666666667,4.933333333333334,5.9,7.4,8.9,10.4,11.9,13.4,13.66,13.92,14.18,14.44,14.7,14.7,15.7,15.7,16.3,16.3,17.0,17.0,,,
"Korea, Dem. People's Rep.",,,20.0873362445415,20.0873362445415,20.0873362445415,20.0873362445415,20.0873362445415,20.0873362445415,,20.0873362445415,20.0873362445415,20.0873362445415,20.0873362445415,20.0873362445415,15.5749636098981,15.5749636098981,15.5749636098981,15.5749636098981,15.5749636098981,16.3027656477438,16.3027656477438,16.3027656477438,16.3027656477438,16.3027656477438,17.6128093158661,17.6128093158661
"Korea, Rep.",,,3.0100334448160497,3.67892976588629,3.67892976588629,5.86080586080586,5.86080586080586,5.86080586080586,5.86080586080586,13.0434782608696,13.3779264214047,13.3779264214047,14.381270903010002,13.7123745819398,14.7157190635452,14.7157190635452,14.7157190635452,15.666666666666698,15.666666666666698,16.3333333333333,16.3333333333333,17.0,17.0,17.0,16.6666666666667,19.0
Kosovo,,,,,,,,,,,,,,,,,,,,,,,,,,
Kuwait,0.1,0.1,0.05,0.05,0.05,0.05,0.19,0.32999999999999996,0.4699999999999999,0.61,1.51923076923077,2.13923076923077,2.7592307692307703,4.1484615384615395,7.076153846153845,7.6961538461538455,7.6961538461538455,6.176923076923075,6.176923076923075,1.51923076923077,1.51923076923077,2.0,3.08846153846154,3.07692307692308,4.615384615384619,6.34920634920635
Kyrgyz Republic,,,1.42857142857143,1.42857142857143,1.42857142857143,2.3255813953488396,10.0,10.0,10.0,10.0,0.0,0.0,25.5555555555556,25.5555555555556,25.5555555555556,23.3333333333333,23.3333333333333,23.3333333333333,23.3333333333333,23.3333333333333,19.1666666666667,19.1666666666667,19.1666666666667,19.1666666666667,19.1666666666667,19.1666666666667
Kyrgyzstan,4.8,4.8,4.8,5.2,5.6,6.0,4.82,3.6399999999999997,2.4599999999999995,1.2799999999999994,0.1,4.739999999999999,9.379999999999999,14.019999999999998,18.66,23.3,23.3,23.3,23.3,23.3,19.2,19.2,19.2,,,
Lao PDR,,,,21.212121212121197,21.212121212121197,21.212121212121197,21.212121212121197,22.9357798165138,22.9357798165138,22.9357798165138,22.9357798165138,25.2173913043478,25.2173913043478,25.2173913043478,25.2173913043478,25.2173913043478,25.0,25.0,25.0,25.0,25.0,27.5167785234899,27.5167785234899,27.5167785234899,27.5167785234899,27.5167785234899
Lao People's Democratic Republic,21.2,21.2,21.2,21.2,21.2,21.2,21.54,21.88,22.22,22.56,22.9,23.36,23.82,24.279999999999998,24.74,25.2,25.0,25.0,25.0,25.0,25.0,27.5,27.5,,,
Late-demographic dividend,,,,14.1730627694249,14.7490685952225,14.7582141687589,15.112376690735301,15.6899810964083,15.0797844235443,15.786379225869698,16.016387046429998,16.0408560311284,16.7455061494797,17.0787371624192,17.2161520190024,17.2508525956802,17.660313585578802,18.2850758774788,18.9151470040938,19.1025152439024,19.3653221181419,19.889186090943802,20.7017202837982,21.4700561744264,21.970049297739703,22.022534686656105
Latin America & Caribbean,,,13.1321370309951,15.354874344103802,14.335198507860401,15.1574254667038,14.3748304854896,16.118165327805098,18.4690157958688,19.009468317552802,20.208636584182397,20.340609258815103,21.1068519405846,22.161128376763102,22.7012863268223,23.0060606060606,23.0346475507766,24.485891917742702,25.751282677742502,27.460770328102697,27.9011099899092,28.801135020099302,29.740518962075896,31.196083003031003,31.669776119403,32.7892462794047
Latin America & Caribbean (IDA & IBRD),,,11.254551473022198,12.9065040650406,11.770428015564198,12.6369863013699,11.762756792577902,14.0247678018576,15.395809080326,16.046511627906998,17.4847516700552,17.6790830945559,18.689181453921,18.696397941681003,19.3566752063763,19.651162790697697,19.586167800453502,21.2868480725624,21.828303545268103,23.9931934203063,24.2691839220463,25.6128486897718,26.5404268109408,27.800829875518698,28.361925843940202,29.581901489118
Latin America & Caribbean (excluding high income),,,13.665743305632502,16.071428571428598,14.582723279648599,15.6396621832968,14.789812826020201,16.5658311725727,19.1044776119403,19.6089082020641,20.8955223880597,21.034297963558398,21.844009648887702,23.048128342246,23.763955342902698,24.0780911062907,24.1728922091782,25.7737459978655,27.1112325772069,28.703459202535,29.1985273293685,30.1106427818757,30.644288034650803,32.5130890052356,33.019114951557995,34.2169326480931
Latvia,9.0,9.0,9.0,10.333333333333332,15.666666666666666,17.0,17.4,18.3,20.2,20.6,21.0,19.9,20.3,20.2,21.1,20.0,23.0,23.0,23.0,18.0,18.0,18.0,16.0,31.0,30.0,30.0
Least developed countries: UN classification,,,8.442622950819679,8.58941132913736,8.2316442605998,9.915070116531698,,11.976277023148999,12.38846945779,12.7539330991294,15.6911928651059,15.9171922127776,17.0106761565836,18.7686465961486,19.403379091869102,19.2583888236062,20.823601720958802,21.397533763946,20.910891089108897,21.1382113821138,23.047436511739303,23.0796418473139,22.979683972912003,22.7928794803945,22.881978452497602,23.7926226391178
Lebanon,2.3,2.3,2.321875,2.321875,2.321875,2.321875,2.5618749999999997,2.801875,3.041875,3.2818750000000003,4.69375,4.5337499999999995,4.37375,4.21375,3.2725,3.1125,3.1125,3.1125,3.1125,3.1125,3.1125,3.1125,3.1125,4.6875,4.6875,4.6875
Lesotho,11.2,11.2,7.90769230769231,7.391666666666667,7.332067510548523,7.24873417721519,7.87873417721519,13.219999999999999,13.073333333333348,13.70333333333335,14.33333333333335,14.92333333333335,21.44470588235295,22.77,22.94333333333335,23.53333333333335,23.83333333333335,26.73333333333335,26.73333333333335,26.73333333333335,24.9,24.9,22.4155737704918,22.1311475409836,23.3333333333333,23.3333333333333
Liberia,11.1,11.1,11.1,11.1,11.1,9.45625,9.72625,9.99625,10.26625,9.26157894736842,13.15,13.15,13.15,13.15,13.15,13.15,10.144520547945206,11.3294520547945,11.3294520547945,11.3294520547945,10.8294520547945,10.8294520547945,9.879577464788731,12.3287671232877,12.3287671232877,12.3287671232877
Libya,4.7,4.7,4.7,4.7,4.7,4.7,4.7,4.7,4.7,4.7,4.71842105263158,6.496153846153845,6.796153846153846,7.096153846153845,7.396153846153846,7.6961538461538455,12.100000000000001,16.5,16.5,15.9787234042553,15.9787234042553,15.9787234042553,15.9787234042553,15.9574468085106,15.9574468085106,15.9574468085106
Liechtenstein,4.0,4.0,4.0,4.0,4.0,4.0,10.0,12.0,14.0,16.0,24.0,24.0,24.0,24.0,24.0,24.0,24.0,24.0,20.0,20.0,20.0,20.0,12.0,12.0,12.0,12.0
Lithuania,17.5,17.5,17.50912408759125,16.359124087591248,15.209124087591249,10.6191489361702,11.759148936170199,12.8991489361702,14.0391489361702,20.85290780141845,21.99290780141845,23.121347517730502,21.76751773049645,18.995248226950352,19.4144680851064,19.1244680851064,19.1244680851064,24.48021582733815,24.1067375886525,24.1067375886525,23.402127659574447,21.28829787234045,21.28829787234045,21.276595744680897,21.276595744680897,24.113475177305002
Low & middle income,,,9.46642812039571,11.7478510028653,11.862904417195999,12.077406244226902,12.4813481962609,13.751123090745699,13.552754832666302,14.436282337911198,15.0444157619011,15.541536020550803,16.473747919503698,17.2049039395978,17.8343247411324,17.9906116953532,18.7054266372226,19.797497236978103,20.625509523456603,21.0197174808711,21.7161016949153,22.068211476739698,22.290467499649,22.7112988534308,23.0241637649045,23.510392609699803
Low income,,,10.3584672435105,9.953810623556581,,12.205775297258,12.3231003701285,13.463833850560999,12.8245067497404,14.318795831725199,16.463519313304698,16.7522245037646,16.96351374719,16.969483153995398,16.5550403572042,17.7536845671692,19.1310205456383,19.468322190385198,19.963582188379398,19.191742477256803,21.3117408906883,21.5062489855543,21.6707768187423,21.5027977617906,21.578258022265896,22.602739726027398
Lower middle income,,,7.48959778085992,8.3076059500421,8.74457700650759,8.2921316570137,9.28749653451622,10.906701708278598,10.7573451948964,11.137108095460901,12.400561534862002,12.665121668597902,13.939105613701198,15.585142089953,16.4505494505494,16.1342894393742,16.6427840327533,18.4739788513373,19.216268707871603,20.7126484684309,21.040462427745698,21.0685385590329,20.8010209090017,20.6132028363128,20.937655860349103,21.425007484283
Luxembourg,20.0,20.0,20.0,19.45,17.23333333333335,16.68333333333335,17.343333333333348,18.00333333333335,18.663333333333348,22.656666666666652,23.31666666666665,22.98666666666665,22.656666666666652,22.32666666666665,20.33,20.0,25.0,21.68333333333335,28.31666666666665,28.31666666666665,28.31666666666665,28.31666666666665,28.31666666666665,20.0,25.0,30.0
"Macao SAR, China",,,,,,,,,,,,,,,,,,,,,,,,,,
Madagascar,3.7,3.7,3.715671641791045,5.133333333333334,7.283333333333333,8.0,8.04,8.16,5.995,7.5975,7.6375,8.0075,8.877007874015751,9.24700787401575,11.36,12.3,12.3,16.643169398907098,16.643169398907098,20.514900662251648,20.514900662251648,20.314900662251652,19.402649006622504,19.205298013245002,15.894039735099302,15.894039735099302
Malawi,5.7,5.7,5.674858757062145,6.274858757062145,8.195077720207255,9.313212435233162,9.743212435233161,10.173212435233161,10.60321243523316,13.36481865284975,13.6062827225131,14.326282722513099,14.71668393782385,15.436683937823851,20.09666666666665,20.81666666666665,22.289896373057,22.289896373057,22.289896373057,16.68333333333335,16.68333333333335,16.68333333333335,16.68333333333335,16.6666666666667,22.9166666666667,22.9166666666667
Malaysia,10.3,10.3,9.05625,9.756250000000001,13.1,12.43134715025905,12.29134715025905,12.151347150259049,12.06560209424085,11.2562100456621,11.1162100456621,11.2062100456621,11.752831050228298,12.2254054054054,11.864954954954955,11.954954954954955,11.65361990950225,11.803619909502249,12.1301801801802,12.2801801801802,11.7801801801802,11.6301801801802,11.7301801801802,13.9013452914798,14.4144144144144,14.4144144144144
Maldives,6.3,6.3,6.275,6.225,6.1,6.0,6.6,7.2,7.8,8.4,12.0,11.45,10.9,10.35,7.046753246753244,6.496753246753245,6.496753246753245,6.496753246753245,6.496753246753245,5.891176470588235,5.891176470588235,5.891176470588235,5.891176470588235,5.882352941176469,4.597701149425291,4.597701149425291
Mali,12.2,12.2,12.22244897959185,12.22244897959185,12.22244897959185,12.22244897959185,12.02244897959185,10.80204081632655,10.60204081632655,10.40204081632655,10.20204081632655,10.20204081632655,10.20204081632655,10.20204081632655,10.20204081632655,10.20204081632655,10.20204081632655,10.20204081632655,9.85,9.51190476190476,8.821768707482995,8.821768707482995,8.821768707482995,8.84353741496599,9.52380952380952,27.891156462585002
Malta,5.8,5.8,5.79855072463768,6.365217391304347,8.648717948717948,9.215384615384615,9.215384615384615,9.215384615384615,8.446153846153845,9.215384615384615,9.215384615384615,9.165384615384614,9.115384615384615,8.797826086956519,8.747826086956518,8.69782608695652,8.69782608695652,8.69782608695652,14.29285714285715,14.29285714285715,12.878571428571451,12.878571428571451,11.92014925373135,11.9402985074627,14.925373134328401,13.4328358208955
Marshall Islands,3.0,3.0,3.0,3.0,3.0,3.0151515151515147,3.0151515151515147,3.0151515151515147,3.0151515151515147,3.0151515151515147,3.0151515151515147,3.0151515151515147,3.0151515151515147,3.0151515151515147,3.0151515151515147,3.0151515151515147,3.0151515151515147,3.0151515151515147,3.0151515151515147,3.0151515151515147,9.095454545454544,9.095454545454544,9.095454545454544,9.09090909090909,6.06060606060606,6.06060606060606
Mauritania,0.7,0.7,0.9829113924050649,2.632067510548523,3.0154008438818565,3.39873417721519,4.62,6.24,5.78185185185185,6.5918518518518505,11.1,15.307368421052649,18.22263157894735,19.03263157894735,19.842631578947348,20.65263157894735,20.65263157894735,20.65263157894735,20.7,23.68503401360545,23.68503401360545,23.68503401360545,25.18503401360545,20.2614379084967,20.2614379084967,20.2614379084967
Mauritius,7.6,7.6,7.58787878787879,7.271212121212123,6.954545454545457,5.7071428571428555,6.847142857142855,7.987142857142856,9.127142857142855,10.267142857142854,17.121428571428552,17.29142857142855,17.46142857142855,17.63142857142855,17.801428571428552,18.82028985507245,18.82028985507245,18.82028985507245,18.82028985507245,18.82028985507245,11.59710144927535,11.59710144927535,11.59710144927535,11.594202898550698,20.0,20.0
Mexico,13.9,13.9,14.05,15.983333333333333,16.71666666666667,15.95,16.73,17.509999999999998,21.59,22.37,23.95,23.259999999999998,23.67,23.78,26.090000000000003,25.5,25.85,36.4,36.4,37.099999999999994,41.4847389558233,41.5,42.0,48.2,48.2,48.2
Micronesia (Federated States of),0.1,0.1,0.1,0.1,0.1,0.1,0.1,0.1,0.1,0.1,0.1,0.1,0.1,0.1,0.1,0.1,0.1,0.1,0.1,0.1,0.1,0.1,0.1,,,
"Micronesia, Fed. Sts.",,,0.0,0.0,0.0,0.0,0.0,0.0,0.0,0.0,0.0,0.0,0.0,0.0,0.0,0.0,0.0,0.0,0.0,0.0,0.0,0.0,0.0,0.0,0.0,0.0
Middle East & North Africa,,,4.0,3.60421625297518,4.17367889599461,4.20701168614357,4.3434680922151605,5.89606928714191,5.87635869565217,6.59195781147001,6.17154811715482,8.057742782152241,8.35291046724094,8.30070477682068,8.78099173553719,10.426065162907301,10.05291005291,13.1469979296066,15.936018957346,16.0878598990798,16.3846838824577,17.0850409836066,16.3021363173957,16.6793796084414,16.363636363636402,16.6539923954373
Middle East & North Africa (IDA & IBRD),,,3.9198606271777003,3.4936138241923396,3.8791495710555695,3.88170055452865,3.99556048834628,5.67846607669617,6.0144346431435505,6.9572171131547496,6.40907697025453,8.63242574257427,8.84900990099011,8.76703841387857,9.0853472009789,10.983170947741401,10.5087014725569,14.167433302667902,16.4200649584987,16.7510853835022,16.9019182048498,17.5671596740115,16.5814023472766,16.9374247894104,16.2686567164179,16.4519029068025
Middle East & North Africa (excluding high income),,,3.9198606271777003,3.4936138241923396,3.8791495710555695,3.88170055452865,3.99556048834628,5.67846607669617,6.0144346431435505,6.9572171131547496,6.40907697025453,8.63242574257427,8.84900990099011,8.76703841387857,9.0853472009789,10.983170947741401,10.5087014725569,14.167433302667902,16.4200649584987,16.7510853835022,16.9019182048498,17.5671596740115,16.5814023472766,16.9374247894104,16.2686567164179,16.4519029068025
Middle income,,,9.22521558927736,12.1878008721754,12.3672139063255,12.0472306200445,12.5212994008685,13.817718997288498,13.6956300295406,14.466928420416801,14.641516790953801,15.1985262035197,16.336609693507,17.2682001422812,18.1822427724067,18.055426823616603,18.588886326954103,19.8924978177976,20.816423967534,21.5064281721632,21.833875760577303,22.2242249459265,22.4731866933285,23.0562146377076,23.4197912466962,23.7480385563775
Moldova,,,4.807692307692309,,8.91089108910891,7.92079207920792,12.8712871287129,12.8712871287129,12.8712871287129,15.841584158415802,21.7821782178218,21.7821782178218,21.7821782178218,21.7821782178218,23.7623762376238,18.8118811881188,19.801980198019802,19.801980198019802,19.801980198019802,17.8217821782178,21.7821782178218,21.7821782178218,22.772277227722803,22.772277227722803,25.742574257425698,24.7524752475248
Moldova (Republic of),4.8,4.8,4.8,5.833333333333333,6.866666666666667,7.9,10.68,13.46,16.240000000000002,19.020000000000003,21.8,21.2,20.6,20.0,19.400000000000002,18.8,19.8,19.8,19.8,17.8,21.8,21.8,22.8,,,
Monaco,5.6,5.6,5.577777777777779,16.677777777777766,19.444444444444436,22.2111111111111,22.0711111111111,21.9311111111111,21.09666666666665,20.95666666666665,20.81666666666665,21.34666666666665,21.87666666666665,24.490000000000002,25.56347826086955,26.093478260869553,19.023809523809497,19.023809523809497,20.81666666666665,20.81666666666665,20.81666666666665,20.81666666666665,20.81666666666665,33.3333333333333,33.3333333333333,33.3333333333333
Mongolia,7.9,7.9,7.89736842105263,8.330701754385963,8.764035087719297,10.51315789473685,10.13315789473685,9.75315789473685,9.373157894736849,7.108378378378379,6.683333333333335,6.359473684210526,6.079473684210525,4.593333333333335,4.2036842105263155,3.923684210526315,3.923684210526315,14.88243243243245,14.88243243243245,14.88243243243245,14.48684210526315,17.102631578947353,17.102631578947353,17.1052631578947,17.3333333333333,17.3333333333333
Montenegro,11.1,11.1,11.1,11.1,11.1,11.1,11.1,11.1,11.1,11.1,11.1,9.870987654320984,11.10555555555555,11.10555555555555,11.10555555555555,11.10555555555555,12.322839506172851,17.291975308641952,16.0246913580247,17.291975308641952,17.291975308641952,23.4783950617284,23.4783950617284,23.456790123456802,28.3950617283951,29.6296296296296
Morocco,0.7,0.7,0.6576923076923075,0.6576923076923075,0.6576923076923075,0.6576923076923075,1.2276923076923074,6.8746153846154,7.4446153846154,8.0146153846154,8.5846153846154,8.6146153846154,8.49076923076925,8.52076923076925,8.55076923076925,8.58076923076925,13.98101265822785,13.98101265822785,13.98101265822785,13.98101265822785,16.33101265822785,19.45316455696205,19.45316455696205,20.5063291139241,20.5063291139241,20.5063291139241
Mozambique,25.2,25.2,25.2,26.0,28.4,30.0,30.48,30.96,31.439999999999998,34.31999999999999,34.8,35.239999999999995,35.68,36.12,38.760000000000005,39.2,39.2,39.2,39.2,39.400000000000006,39.6,39.6,39.6,39.6,41.2,42.4
Myanmar,4.0,4.0,4.0,4.0,4.0,4.0,4.0,4.0,4.0,4.0,4.0,4.0,4.0,4.0,4.0,4.14723926380368,3.222151898734175,5.316241299303945,5.316241299303945,4.947202797202795,12.8467492260062,9.965357967667435,10.180831408776001,10.161662817552001,11.316397228637399,11.1111111111111
Namibia,17.3,17.3,19.7611111111111,20.277777777777764,20.794444444444434,22.7,23.35,24.0,25.34444444444445,25.299999999999997,26.91153846153845,26.721538461538447,26.531538461538446,26.34153846153845,26.151538461538447,24.6794871794872,24.6794871794872,24.6794871794872,24.6794871794872,31.35,39.5230769230769,38.8230769230769,38.8230769230769,46.15384615384621,42.7083333333333,43.269230769230795
Nauru,0.1,0.1,0.1,0.05,0.05,0.1,0.05,0.05,0.1,0.05,0.05,0.05,0.05,0.05,0.05,0.05,0.05,0.05,5.28157894736842,5.28157894736842,5.28157894736842,5.28157894736842,10.51315789473685,10.5263157894737,10.5263157894737,10.5263157894737
Nepal,4.5,4.5,3.9573170731707297,4.523983739837397,6.310162601626018,6.876829268292685,6.726829268292685,6.576829268292686,6.4268292682926855,6.276829268292685,6.126829268292685,8.821176470588235,17.222613981762905,27.8224915824916,30.5024915824916,33.1824915824916,33.1824915824916,33.1824915824916,31.35,29.49036850921275,29.5246243739566,29.589915966386553,29.589915966386553,32.7272727272727,32.7272727272727,32.7272727272727
Netherlands,28.4,28.4,29.86666666666665,32.95,33.7,34.45,34.58,33.71,35.173333333333346,35.303333333333356,35.43333333333335,35.883333333333354,37.66666666666665,39.11666666666665,39.900000000000006,39.68333333333335,39.883333333333354,38.23333333333335,38.23333333333335,38.23333333333335,36.866666666666646,36.866666666666646,35.8,36.0,31.3333333333333,33.3333333333333
New Caledonia,,,,,,,,,,,,,,,,,,,,,,,,,,
New Zealand,29.2,29.2,29.18333333333335,29.450000000000017,29.716666666666683,30.81666666666665,30.95666666666665,30.26333333333335,29.98666666666665,30.12666666666665,32.21570247933885,32.35570247933885,32.908925619834704,33.323278688524596,33.463278688524596,33.6032786885246,32.21570247933885,32.21570247933885,32.21570247933885,29.77603305785125,31.402479338843,31.402479338843,38.31666666666665,38.3333333333333,40.8333333333333,40.8333333333333
Nicaragua,10.8,10.8,10.7763440860215,10.593010752688166,9.872043010752689,9.688709677419356,11.899999999999999,17.37608695652175,18.476086956521748,19.57608695652175,20.67608695652175,17.9586956521739,19.589130434782597,19.589130434782597,20.67608695652175,20.67608695652175,40.2086956521739,40.2086956521739,40.2086956521739,42.39565217391305,41.3021739130435,45.67608695652175,45.67608695652175,45.6521739130435,44.565217391304294,47.2527472527472
Niger,1.2,1.2,1.2024096385542151,1.2024096385542151,1.2,1.2024096385542151,2.3224096385542152,3.4424096385542153,4.562409638554215,11.27469026548675,12.39469026548675,12.46969026548675,12.54469026548675,12.61969026548675,11.36725663716814,13.15,13.2871681415929,13.2871681415929,13.2871681415929,13.2871681415929,13.2871681415929,14.60994152046785,16.9795321637427,16.9590643274854,16.9590643274854,16.9590643274854
Nigeria,3.3,3.3,3.3,3.3,3.3,3.35940170940171,3.60940170940171,3.85940170940171,4.761111111111109,5.011111111111109,6.094444444444445,6.105555555555555,6.6916201117318455,6.841620111731845,6.991620111731845,7.141620111731845,6.75909090909091,6.633333333333335,6.633333333333335,6.633333333333335,5.67777777777778,5.67777777777778,5.67777777777778,5.55555555555556,3.3802816901408397,3.63128491620112
North America,,,15.353260869565199,15.353260869565199,16.3043478260869,,16.7119565217391,16.576086956521802,16.847826086956502,17.4966352624495,17.6312247644683,18.1695827725438,18.6486486486487,19.111709286675698,18.9771197846568,18.9771197846568,20.1079622132254,20.754716981132102,20.6756756756757,21.6981132075472,22.279792746114,22.1789883268483,22.366710013003896,25.0,25.8777633289987,25.8777633289987
North Macedonia,3.3,3.3,3.316666666666665,3.883333333333332,6.533333333333333,6.683333333333335,7.9333333333333345,14.6,16.26666666666665,17.93333333333335,19.18333333333335,25.09666666666665,26.843333333333348,29.42333333333335,31.17,32.5,30.8971544715447,32.510162601626,34.123170731707305,33.31666666666665,33.31666666666665,33.31666666666665,37.5,38.3333333333333,39.1666666666667,35.8333333333333
Northern Mariana Islands,,,,,,,,,,,,,,,,,,,,,,,,,,
Norway,36.4,36.4,36.3818181818182,36.3818181818182,36.3818181818182,36.3818181818182,36.2287878787879,36.6818181818182,36.83181818181819,37.890909090909105,37.88491124260355,38.05491124260355,37.3373372781065,37.507337278106505,39.4524852071006,39.6224852071006,39.6224852071006,39.6224852071006,39.6224852071006,39.6224852071006,39.6224852071006,39.6224852071006,41.41005917159765,41.4201183431953,40.8284023668639,41.4201183431953
OECD members,,,16.002361972246803,16.3232646529306,17.278379462495,18.0409041980624,17.7191906805641,19.1441441441441,19.4184425413264,20.0020265477759,20.6174310105221,21.0009910802775,22.1550356859635,22.307006243186997,23.009900990099002,23.0799683293745,23.8811881188119,24.9504950495049,26.0955584132951,26.7533252720677,27.8118403859684,27.9348154109245,28.8358450490543,29.7859690844233,30.7181773155027,31.066613798572604
Oman,7.8,7.8,7.8,7.8,7.8,7.8,7.8,7.8,7.8,5.104819277108435,5.104819277108435,5.224819277108434,4.14,4.26,4.38,4.5,5.395238095238095,5.395238095238095,5.395238095238095,5.395238095238095,4.688235294117645,4.988235294117645,4.988235294117645,1.1764705882352902,2.3255813953488396,2.3255813953488396
Other small states,,,8.917197452229301,8.43373493975903,9.744408945686901,10.6529209621993,10.9278350515464,12.6062322946176,13.311475409836099,13.746312684365801,14.6556798116539,13.7114537444934,14.8354712771891,15.2802359882006,15.241419429901098,15.599534342258401,16.1046511627907,17.0945157526254,17.087492660011698,17.4283973187081,18.6139747995418,19.0101237345332,18.562168532704803,19.952494061757697,20.5184776613348,20.9429824561403
Pacific island small states,,,2.58620689655172,2.0905923344947697,4.6583850931677,,2.94985250737463,3.1976744186046497,2.73556231003039,3.58974358974359,3.8560411311053997,,,,,,,,,4.8648648648648605,5.67567567567568,6.469002695417791,7.27762803234501,7.795698924731179,7.77479892761394,8.33333333333333
Pakistan,2.6,2.6,2.452073732718895,3.577073732718895,7.1,9.35,11.6,17.4513157894737,18.868713450292404,19.84751461988305,20.97251461988305,21.01251461988305,20.9063157894737,21.66260355029585,21.5711111111111,21.6111111111111,21.907309941520452,21.80730994152045,20.2215170278638,20.2215170278638,20.2941176470588,20.2941176470588,20.2941176470588,20.2346041055718,20.2346041055718,20.175438596491198
Palau,3.3,3.3,1.65,1.65,1.65,1.65,1.33,1.01,0.6900000000000001,0.3700000000000001,0.05,0.7300000000000001,1.4100000000000001,2.09,2.77,3.45,3.45,5.15,5.15,5.15,5.15,13.15,13.15,12.5,12.5,12.5
"Palestine, State of",,,,,,,,,,,,,,,,,,,,,,,,,,
Panama,9.7,9.7,9.71111111111111,9.744444444444444,9.833333333333334,9.879577464788731,10.559577464788731,11.23957746478873,11.91957746478873,16.00333333333335,16.68333333333335,15.86333333333335,15.04333333333335,14.22333333333335,9.295352112676056,8.475352112676056,8.475352112676056,8.475352112676056,8.475352112676056,19.29912280701755,18.3049295774648,18.3049295774648,18.3049295774648,18.3098591549296,21.1267605633803,22.5352112676056
Papua New Guinea,1.8,1.8,1.8174311926605502,1.8174311926605502,1.8174311926605502,1.8174311926605502,1.7274311926605501,1.44,1.0887155963302755,0.9987155963302755,0.9087155963302755,0.9087155963302755,0.9087155963302755,0.9087155963302755,0.9087155963302755,0.9087155963302755,0.9087155963302755,2.70135135135135,2.70135135135135,2.70135135135135,2.70135135135135,2.70135135135135,0.05,0.0,0.0,0.0
Paraguay,5.6,5.6,4.05,6.3999999999999995,4.85,5.25,5.41,5.57,8.855,9.64,9.8,10.2,10.6,12.25,12.65,13.05,13.05,13.05,17.95,15.9,15.9,15.9,14.875,15.0,15.0,16.25
Peru,10.8,10.8,10.816666666666652,11.285416666666652,11.754166666666652,13.6125,16.44166666666665,16.91041666666665,17.37916666666665,17.84791666666665,18.31666666666665,24.65333333333335,25.573333333333352,26.49333333333335,26.58,27.5,21.51923076923075,21.51923076923075,21.51923076923075,22.303846153846152,22.303846153846152,27.696153846153848,27.696153846153848,27.6923076923077,30.0,26.153846153846196
Philippines,11.6,11.6,11.3299539170507,12.054531490015382,12.087864823348717,11.53063063063065,15.138504672897199,15.498504672897198,15.8585046728972,14.9671186440678,15.3271186440678,15.937118644067802,19.1710460251046,19.7810460251046,20.626891385767802,21.82142857142855,22.493661971831003,22.493661971831003,27.26782006920415,27.26782006920415,27.170689655172403,29.5972602739726,29.27602739726025,29.452054794520503,27.9605263157895,27.9605263157895
Poland,12.7,12.7,12.8717391304348,12.8717391304348,12.8717391304348,12.8717391304348,17.0986956521739,17.7386956521739,18.3786956521739,19.0186956521739,19.76739130434785,19.64739130434785,19.52739130434785,19.298695652173897,19.07,18.95,22.7478260869565,22.7478260869565,22.7478260869565,23.32391304347825,26.095652173913052,26.095652173913052,26.771739130434803,28.043478260869602,28.695652173913,28.695652173913
Portugal,13.0,13.0,13.0217391304348,13.755072463768133,17.314492753623167,17.39565217391305,18.4378260869565,19.045217391304348,19.43521739130435,19.82521739130435,21.3021739130435,21.9121739130435,26.0004347826087,26.6104347826087,26.78565217391305,27.39565217391305,28.6978260869565,28.6978260869565,31.3021739130435,31.3021739130435,34.7913043478261,34.7913043478261,34.7913043478261,34.7826086956522,38.695652173913004,40.0
Post-demographic dividend,,,16.8859176191503,17.949298325034,18.2388552559163,19.4174757281553,18.957345971564,20.129270544783,20.7245430809399,21.6704780572798,22.0340788072417,22.7756492124308,23.6576289207868,24.317723266433102,24.7374562427071,24.8542042201251,25.3194207836457,25.939329430548202,27.4780027562811,28.1283886358707,28.565245617831604,28.562155144433603,29.571566627295198,30.427773000859798,31.9724967769661,32.5521393248764
Pre-demographic dividend,,,,,,10.0074128984433,11.2883181441591,12.823980166779402,13.084504088907499,13.6896046852123,15.2867294662039,16.0969546302051,16.6719094054734,17.2176968535378,17.4197569336242,17.194210275171002,19.5331325301205,20.154594904093898,21.2546125461255,20.934805626985302,21.8431483578709,22.140948093965395,22.2931666893085,22.0456116102281,22.011331444759197,22.798377752027804
Puerto Rico,,,,,,,,,,,,,,,,,,,,,,,,,,
Qatar,0.1,0.1,0.1,0.1,0.1,0.1,0.1,0.1,0.1,0.1,0.1,0.05,0.05,0.05,0.05,0.05,0.05,0.05,0.05,0.05,0.05,0.05,9.778048780487804,9.75609756097561,9.75609756097561,9.75609756097561
Romania,5.6,5.6,6.444314868804665,6.7630648688046655,7.081814868804665,7.512499999999999,9.4373188405797,9.756068840579701,10.074818840579699,10.754141566265051,10.9391238670695,10.8491238670695,9.866969696969695,10.768622754491,10.678622754491,10.588622754491,10.4560606060606,12.474757281553401,12.474757281553401,12.606756756756749,12.857855361596,12.857855361596,19.68434650455925,20.6686930091185,21.884498480243202,21.884498480243202
Russian Federation,7.5,7.5,8.8611111111111,8.5611111111111,6.3,6.70487528344671,6.86619153674833,7.09619153674833,7.32619153674833,8.691700223713644,8.921700223713644,9.271700223713644,11.7,12.05,12.4,12.75,12.327777777777799,12.827777777777799,12.827777777777799,12.827777777777799,14.0277777777778,13.28333333333335,15.9388888888889,15.7777777777778,15.7777777777778,15.7777777777778
Rwanda,17.1,17.1,17.121428571428552,18.554761904761882,19.988095238095216,25.70714285714285,27.647837837837848,29.60783783783785,43.105,45.065,47.025,47.584999999999994,48.144999999999996,52.455,53.015,53.575,54.075,54.075,60.625,60.625,60.625,60.625,58.475,61.25,61.25,61.25
Saint Kitts and Nevis,13.3,13.3,13.3,13.3,13.3,13.3,10.66,8.02,5.380000000000001,2.74,0.1,1.4200000000000002,2.74,4.06,5.38,6.7,6.7,6.7,6.7,6.7,13.3,13.3,13.3,,,
Saint Lucia,14.3,14.3,14.3,14.133333333333335,13.966666666666667,13.8,15.18,16.56,17.939999999999998,19.32,20.7,20.7,20.7,20.7,20.7,20.7,24.1,17.2,17.2,17.2,20.7,20.7,20.7,,,
Saint Vincent and the Grenadines,9.5,9.5,9.5,7.933333333333334,6.366666666666667,4.8,7.4799999999999995,10.16,12.84,15.52,18.2,17.419999999999998,16.64,15.86,15.08,14.3,17.4,17.4,13.0,13.0,13.0,13.0,13.0,,,
Samoa,4.1,4.1,4.09081632653061,4.774149659863943,7.498299319727891,8.181632653061225,6.951224489795919,6.741224489795919,6.531224489795919,6.321224489795919,6.111224489795919,6.321224489795919,7.551632653061224,7.761632653061224,7.971632653061224,8.181632653061225,4.09081632653061,4.09081632653061,4.09081632653061,6.111224489795919,6.111224489795919,10.0,10.0,10.0,10.0,10.0
San Marino,11.7,11.7,11.683333333333348,12.783333333333317,13.049999999999985,13.316666666666652,15.32333333333335,15.66333333333335,16.00333333333335,16.343333333333348,16.68333333333335,14.183333333333348,14.183333333333348,15.85,16.68333333333335,16.68333333333335,18.31666666666665,16.68333333333335,18.31666666666665,18.31666666666665,16.68333333333335,23.31666666666665,26.68333333333335,26.6666666666667,25.0,33.3333333333333
Sao Tome and Principe,7.3,7.3,7.286363636363635,7.586363636363634,8.795454545454545,9.095454545454544,9.095454545454544,9.1,9.095454545454544,9.095454545454544,9.095454545454544,9.096363636363634,7.279090909090909,10.916363636363634,11.826363636363634,18.1909090909091,18.1909090909091,18.1909090909091,18.1909090909091,18.1909090909091,18.1909090909091,18.1909090909091,18.1909090909091,14.5454545454545,14.5454545454545,14.5454545454545
Saudi Arabia,0.1,0.1,0.1,0.1,0.1,0.1,0.1,0.1,0.05,0.05,0.05,0.05,0.05,0.05,0.05,0.05,0.05,0.05,19.883774834437098,19.883774834437098,19.883774834437098,19.883774834437098,19.883774834437098,19.8675496688742,19.8675496688742,19.8675496688742
Senegal,11.7,11.7,11.683333333333348,12.304761904761882,12.688095238095215,13.071428571428548,15.85333333333335,17.62333333333335,18.14333333333335,18.663333333333348,19.18333333333335,20.22333333333335,22.68,23.72,25.09333333333335,26.13333333333335,26.13333333333335,42.68333333333335,42.68333333333335,43.31666666666665,42.68333333333335,42.68333333333335,41.8090909090909,41.8181818181818,41.8181818181818,43.030303030303
Serbia,21.6,21.6,21.6,21.6,21.6,21.6,21.6,21.6,21.6,21.6,21.6,16.8,21.0,21.6,21.6,21.6,22.0,33.2,33.2,34.0,34.0,34.0,34.4,34.4,37.65182186234821,38.8
Seychelles,27.3,27.3,27.28636363636365,24.781372549019615,24.148039215686282,23.51470588235295,24.104705882352945,27.6358823529412,28.2258823529412,28.8158823529412,29.405882352941198,28.8158823529412,25.284705882352945,24.69470588235295,24.104705882352945,23.51470588235295,43.775,43.775,43.775,43.775,43.775,21.206060606060596,21.206060606060596,21.212121212121197,21.212121212121197,21.212121212121197
Sierra Leone,8.8,8.8,8.8,8.8,8.775,8.775,9.345,11.08,13.368064516129051,13.93806451612905,14.50806451612905,14.37806451612905,13.6015702479339,13.4715702479339,13.3415702479339,13.2115702479339,12.9016129032258,12.398347107438001,12.398347107438001,12.0983870967742,12.398347107438001,12.398347107438001,12.398347107438001,12.3287671232877,12.3287671232877,12.3287671232877
Singapore,4.8,4.8,4.78095238095238,4.697619047619046,4.383870967741934,4.300537634408601,9.20235294117645,10.372352941176452,13.6387234042553,14.8087234042553,15.9787234042553,19.32823529411765,21.7140425531915,22.4540425531915,22.66212765957445,23.402127659574447,22.2111111111111,24.221212121212098,24.221212121212098,25.27626262626265,23.906521739130447,23.7811881188119,23.0,23.0,23.0,29.4736842105263
Sint Maarten (Dutch part),,,,,,,,,,,,,,,,,,,,,,,,,,
Slovak Republic,,,14.666666666666698,14.666666666666698,12.666666666666698,14.0,14.0,17.3333333333333,19.3333333333333,16.6666666666667,16.6666666666667,20.0,19.3333333333333,19.3333333333333,18.0,15.333333333333302,16.0,18.6666666666667,18.6666666666667,18.6666666666667,18.6666666666667,20.0,20.0,20.0,20.0,20.0
Slovakia,14.7,14.7,14.7,14.466666666666667,14.233333333333333,14.0,14.54,15.08,15.62,16.16,16.7,16.419999999999998,16.14,15.86,15.58,15.3,16.0,18.7,18.7,18.7,18.7,20.0,20.0,,,
Slovenia,7.8,7.8,7.78888888888889,7.9763888888888905,8.163888888888891,8.925,10.7611111111111,10.9486111111111,11.1361111111111,11.3236111111111,11.5111111111111,11.5111111111111,11.5111111111111,12.066666666666652,12.622222222222202,12.622222222222202,27.6611111111111,28.4111111111111,28.4111111111111,31.2277777777778,32.18333333333335,32.18333333333335,32.68333333333335,24.4444444444444,27.7777777777778,27.7777777777778
Small states,,,8.66533864541833,8.152686145146081,9.547993905535801,9.8981077147016,10.3479853479853,11.649089165867698,12.286838653257501,12.8724672228844,13.531746031746,12.996108949416302,13.9171227521501,14.071370640713699,14.0329714515481,13.8944824808699,14.383286460425902,15.120967741935502,15.3036437246964,15.484922575387099,16.9398907103825,17.456647398843902,17.375745526839,18.4978026368358,19.065704519559397,19.6286472148541
Solomon Islands,2.0,2.0,2.0,2.020408163265305,2.020408163265305,2.020408163265305,1.62,0.62,0.42999999999999994,0.24,0.05,0.05,0.05,0.05,0.05,0.05,0.05,2.0,2.0,2.0,2.0,2.0,2.0,2.04081632653061,4.08163265306122,6.122448979591839
Somalia,8.0,8.0,8.0,8.0,8.0,8.0,8.0,8.0,8.0,8.0,8.0,7.783345724907065,7.8615625,7.7415625,6.952282003710575,6.78827838827839,6.78827838827839,13.809090909090902,13.809090909090902,13.809090909090902,13.809090909090902,19.05,24.3318181818182,24.3636363636364,24.3636363636364,24.3636363636364
South Africa,23.7,23.7,24.35,27.291666666666664,28.983333333333334,29.962280701754402,30.2322807017544,30.5022807017544,30.7722807017544,32.5193510815308,32.775,33.765,34.879999999999995,35.870000000000005,42.61,43.6,41.675,41.675,41.675,41.1,41.6,41.6,41.4183673469388,42.748091603053396,46.3476070528967,46.4646464646465
South Asia,,,5.75581395348837,6.05355064027939,7.010309278350519,8.44409695074277,8.122362869198309,9.090909090909099,9.201101928374651,9.01594282572843,13.2764343290659,12.843601895734599,14.262905800957999,18.4424475823706,20.049504950495102,20.049504950495102,20.3375874845615,20.3375874845615,15.748898678414099,19.238725693007897,19.3191140278917,19.391947411668,19.399917796958498,17.1045576407507,18.957345971564,18.903591682419698
South Asia (IDA & IBRD),,,5.75581395348837,6.05355064027939,7.010309278350519,8.44409695074277,8.122362869198309,9.090909090909099,9.201101928374651,9.01594282572843,13.2764343290659,12.843601895734599,14.2629058009579,18.4424475823706,20.049504950495102,20.049504950495102,20.3375874845615,20.3375874845615,15.748898678414099,19.238725693007897,19.3191140278917,19.391947411668,19.399917796958498,17.1045576407507,18.957345971564,18.903591682419698
South Sudan,24.3,24.3,24.3,24.3,24.3,24.3,24.3,24.3,24.3,24.3,24.3,24.3,24.3,24.3,24.3,24.3,25.40301204819275,25.40301204819275,25.40301204819275,25.40301204819275,25.40301204819275,27.52976501305485,27.52976501305485,28.4595300261097,28.4595300261097,28.4595300261097
Spain,19.9,19.9,22.306321839080447,23.306321839080447,22.725862068965498,27.09285714285715,27.55285714285715,28.01285714285715,28.47285714285715,32.79,33.25,33.61,34.2557142857143,34.47285714285715,34.975714285714304,35.3357142857143,35.45,35.6,35.6,38.35714285714285,39.571428571428555,38.87142857142855,38.87142857142855,39.1428571428571,44.0,44.0
Sri Lanka,5.3,5.3,5.316666666666665,5.291666666666665,5.044444444444444,5.15,5.1,4.74722222222222,4.72222222222222,4.919444444444444,4.894444444444445,4.934444444444445,5.41888888888889,5.45888888888889,5.4988888888888905,5.316666666666665,5.78888888888889,5.78888888888889,5.78888888888889,5.78888888888889,4.894444444444445,5.78888888888889,5.78888888888889,5.77777777777778,5.33333333333333,5.33333333333333
St. Kitts and Nevis,,,13.333333333333302,13.333333333333302,13.333333333333302,13.333333333333302,13.333333333333302,13.333333333333302,13.333333333333302,0.0,0.0,0.0,6.66666666666667,6.66666666666667,6.66666666666667,6.66666666666667,6.66666666666667,6.66666666666667,6.66666666666667,6.66666666666667,13.333333333333302,13.333333333333302,13.333333333333302,13.333333333333302,13.333333333333302,20.0
St. Lucia,,,11.764705882352901,11.764705882352901,11.1111111111111,11.1111111111111,,11.1111111111111,11.1111111111111,11.1111111111111,11.1111111111111,0.0,11.1111111111111,11.1111111111111,11.1111111111111,11.1111111111111,16.6666666666667,16.6666666666667,16.6666666666667,16.6666666666667,16.6666666666667,16.6666666666667,16.6666666666667,16.6666666666667,16.6666666666667,16.6666666666667
St. Martin (French part),,,,,,,,,,,,,,,,,,,,,,,,,,
St. Vincent and the Grenadines,,,9.52380952380952,,4.76190476190476,4.76190476190476,,22.7272727272727,22.7272727272727,22.7272727272727,18.181818181818198,18.181818181818198,18.181818181818198,18.181818181818198,21.7391304347826,14.285714285714299,17.3913043478261,17.3913043478261,13.0434782608696,13.0434782608696,13.0434782608696,13.0434782608696,13.0434782608696,13.0434782608696,13.0434782608696,13.0434782608696
Sub-Saharan Africa,,,10.2068965517241,10.919540229885099,,11.5853658536585,12.282840597378799,13.466711499663802,13.708836239010598,14.7354670150229,16.2370142362447,16.6392092257002,17.306466011988302,17.8008458285275,18.464052287581698,18.7371663244353,20.535166318890397,21.375802349521603,22.4570200573066,22.158043504977304,23.636991028295398,23.8100686498856,24.016932159964398,24.0742799955521,24.0781160252728,24.7197571228398
Sub-Saharan Africa (IDA & IBRD),,,10.2068965517241,10.919540229885099,,11.5853658536585,12.282840597378799,13.466711499663802,13.708836239010598,14.7354670150229,16.2370142362447,16.6392092257002,17.306466011988302,17.8008458285275,18.464052287581698,18.7371663244353,20.535166318890397,21.375802349521603,22.4570200573066,22.158043504977304,23.636991028295398,23.8100686498856,24.016932159964398,24.0742799955521,24.0781160252728,24.7197571228398
Sub-Saharan Africa (excluding high income),,,10.1385721803192,10.8837689133425,,11.5862573099415,12.294828120161,13.466803559206,13.7127289238686,14.753012845980699,16.1705446509814,16.578913573905197,17.280599715652098,17.7815300688401,18.4538970962812,18.7150474704123,20.457370121799702,21.309465424227604,22.404833836858,22.100547536087603,23.6587920400326,23.9175735123871,24.123943661971804,24.1817568327522,24.1222971402,24.772485521805898
Sudan,5.3,5.3,5.275,5.79375,7.375,8.4125,9.58611111111111,10.104861111111111,10.62361111111111,11.14236111111111,14.133333333333349,16.7488888888889,17.9493453724605,19.0093453724605,20.499459459459448,24.880269058295948,24.33813559322035,24.33813559322035,24.33813559322035,24.04689265536725,30.7582159624413,30.7582159624413,30.7582159624413,30.516431924882603,,
Suriname,15.7,15.7,15.69313725490195,16.305637254901953,16.91813725490195,19.375,19.1235294117647,19.736029411764697,20.3485294117647,21.941421568627447,25.495098039215698,23.925098039215698,22.355098039215697,20.785098039215697,19.215098039215697,9.801960784313724,11.782352941176452,11.782352941176452,11.782352941176452,11.782352941176452,25.495098039215698,25.495098039215698,25.495098039215698,25.490196078431396,31.372549019607803,29.411764705882398
Sweden,40.4,40.4,40.400573065902606,40.78390639923593,42.313371537726816,42.69670487106015,42.95670487106015,44.36283667621775,44.76610315186245,45.02610315186245,45.28610315186245,46.25896848137535,46.08570200573065,46.05570200573065,45.73916905444125,44.99283667621775,44.69957020057305,44.69957020057305,44.99283667621775,44.69957020057305,43.57650429799425,43.57650429799425,43.57650429799425,46.1318051575931,47.2779369627507,46.9914040114613
Switzerland,20.3,20.3,20.65,21.0,22.1,22.7,22.939999999999998,23.18,24.42,24.66,24.9,25.18,27.21,27.490000000000002,28.020000000000003,28.3,27.65,28.1,29.95,29.95,30.45,30.45,30.9,32.5,41.5,41.5
Syrian Arab Republic,9.6,9.6,9.6,9.733333333333334,10.266666666666666,10.4,10.56,10.72,11.68,11.84,12.0,12.04,12.08,12.32,12.36,12.4,12.4,12.0,12.0,12.0,12.4,13.2,13.2,13.2,13.2,11.2
Tajikistan,2.8,2.8,2.78121546961326,4.647882136279927,6.514548802946593,14.5,13.90920634920635,14.46920634920635,15.02920634920635,15.58920634920635,18.530158730158753,18.320158730158752,18.11015873015875,17.90015873015875,17.69015873015875,18.273809523809497,18.273809523809497,18.273809523809497,18.273809523809497,16.07457627118645,16.8738095238095,19.523809523809497,19.523809523809497,19.047619047618998,19.047619047618998,23.809523809523803
Tanzania,,,17.4545454545455,17.4545454545455,16.363636363636402,,22.262773722627696,22.262773722627696,21.3559322033898,21.3559322033898,30.4075235109718,30.4075235109718,30.4075235109718,30.4075235109718,30.6501547987616,,36.0,36.0,36.0,36.0,36.0,36.559139784946204,37.179487179487204,37.179487179487204,36.895674300254505,36.895674300254505
Tanzania (United Republic of),17.5,17.5,17.5,19.1125,20.725,22.3375,23.95,25.5625,27.174999999999997,28.787499999999998,30.4,31.333333333333332,32.266666666666666,33.2,34.13333333333333,35.06666666666666,36.0,36.0,36.0,36.0,36.0,36.6,37.2,,,
Thailand,6.6,6.6,6.098982188295166,6.132315521628499,6.165648854961832,5.806417112299465,8.379999999999999,8.76,9.14,9.335011037527593,10.6,9.97884297520661,11.8500209643606,12.15333333333335,13.31961945031715,13.65961945031715,15.75,15.75,15.75,6.09568527918782,6.09568527918782,6.09568527918782,4.8,5.28455284552846,16.2,15.746421267893698
Timor-Leste,25.3,25.3,25.3,25.3,25.3,25.3,25.3,25.7181818181818,25.7181818181818,25.29367816091955,25.29367816091955,25.683678160919552,28.0453846153846,28.4353846153846,28.8253846153846,29.2153846153846,32.30384615384615,38.480769230769255,38.480769230769255,38.480769230769255,38.480769230769255,38.480769230769255,32.30384615384615,33.846153846153804,38.4615384615385,38.4615384615385
Togo,1.2,1.2,1.217283950617285,1.8339506172839517,3.666666666666667,4.919135802469135,5.169135802469135,5.419135802469135,6.903703703703705,6.53641975308642,7.403703703703705,8.390987654320984,9.995555555555551,10.36555555555555,10.73555555555555,11.10555555555555,11.10555555555555,11.10555555555555,15.3923076923077,17.5912087912088,17.5912087912088,17.5912087912088,17.5912087912088,17.5824175824176,16.4835164835165,18.6813186813187
Tonga,0.1,0.1,0.05,0.05,0.1,0.05,0.37999999999999995,1.42,1.0399999999999998,1.3699999999999999,3.424137931034485,3.0366666666666653,2.706666666666665,2.2725,1.9425000000000001,0.05,3.5857142857142845,3.5857142857142845,3.5857142857142845,0.05,0.05,0.05,7.6961538461538455,7.40740740740741,7.40740740740741,7.40740740740741
Trinidad and Tobago,19.4,19.4,15.25555555555555,15.63055555555555,16.00555555555555,21.65,16.75555555555555,21.2972222222222,21.6722222222222,22.0472222222222,22.4222222222222,22.6222222222222,26.51463414634145,26.71463414634145,26.91463414634145,27.985714285714298,27.985714285714298,27.2857142857143,27.2857142857143,26.6357142857143,31.226190476190503,31.226190476190503,30.5261904761905,30.952380952381002,30.952380952381002,30.952380952381002
Tunisia,6.7,6.7,6.724233128834355,7.830981595092025,10.71923076923075,11.519230769230749,12.29923076923075,13.079230769230751,13.859230769230749,20.2456613756614,21.0256613756614,21.4256613756614,21.8256613756614,22.225661375661403,25.03504672897195,25.435046728971948,26.71405529953915,26.71405529953915,26.71405529953915,31.318202764976952,31.318202764976952,31.318202764976952,31.318202764976952,31.3364055299539,22.580645161290303,24.8847926267281
Turkey,2.4,2.4,2.38181818181818,2.68181818181818,3.8909090909090898,4.19090909090909,4.21090909090909,4.28,4.34181818181818,4.36181818181818,4.38181818181818,4.85181818181818,7.693734061930785,8.163734061930786,8.633734061930785,9.103734061930785,14.190909090909098,14.190909090909098,14.4080291970803,14.4080291970803,14.90454545454545,14.90454545454545,14.58597449908925,17.4496644295302,17.4496644295302,17.3174872665535
Turkmenistan,18.0,18.0,18.0,19.333333333333336,23.333333333333332,26.0,25.0,24.0,23.0,18.0,16.0,16.08,16.16,16.48,16.72,16.8,16.8,16.8,16.8,26.4,25.8032258064516,25.8032258064516,25.8032258064516,24.8,25.0,25.0
Turks and Caicos Islands,,,,,,,,,,,,,,,,,,,,,,,,,,
Tuvalu,8.3,8.3,8.316666666666666,5.566666666666666,1.4166666666666665,0.05,0.05,0.1,0.05,0.05,0.05,0.05,0.05,0.05,0.05,0.05,6.683333333333335,6.683333333333335,6.683333333333335,6.683333333333335,6.683333333333335,6.683333333333335,6.683333333333335,6.66666666666667,6.25,6.25
Uganda,18.1,18.1,18.10797101449275,18.05797101449275,17.910573476702503,17.7967971530249,21.84552631578945,22.45552631578945,23.065526315789448,23.3072131147541,23.917213114754098,27.59963855421685,28.791445783132552,29.53144578313255,30.65074074074075,31.294171779141102,34.98704663212435,34.98704663212435,34.98704663212435,34.98704663212435,34.98704663212435,33.4947306791569,34.29922048997775,34.2984409799555,34.8583877995643,34.8583877995643
Ukraine,3.8,3.8,3.7888888888888896,5.133333333333333,7.122222222222224,7.78888888888889,7.53888888888889,6.8,5.816666666666665,5.566666666666665,5.316666666666665,7.253333333333335,7.30111111111111,7.57111111111111,7.73,8.0,8.0,9.419101123595505,9.419101123595505,11.683333333333348,12.092654028436,12.009615384615401,12.2965721040189,12.2931442080378,20.5188679245283,20.8037825059102
United Arab Emirates,0.1,0.1,0.05,0.05,0.05,0.05,0.05,0.05,0.05,0.05,0.05,4.789999999999999,15.78,18.02,20.259999999999998,22.5,17.5,17.5,17.5,17.5,22.5,22.5,22.5,22.5,50.0,50.0
United Kingdom,11.6,11.6,14.904704097116849,15.80470409711685,16.7805766312595,17.6805766312595,17.60295902883155,17.75295902883155,17.90295902883155,18.1288315629742,19.0797213622291,19.3297213622291,19.502321981424153,19.752321981424153,20.002321981424153,21.5,22.20384615384615,22.530769230769252,22.530769230769252,22.8076923076923,28.0423076923077,28.441987673343597,30.25,32.153846153846196,32.0,33.846153846153804
United States,11.2,11.2,11.46206896551725,11.69956896551725,12.74166666666665,12.625,13.56149425287355,13.68405172413795,14.1514367816092,14.7337643678161,15.0862068965517,15.8409195402299,16.25080459770115,16.5457471264368,16.61080459770115,16.79080459770115,16.86013824884795,18.186175115207348,18.01203703703705,19.3551724137931,19.427419354838698,19.33429561200925,19.5274193548387,23.502304147465402,23.433874709976802,23.433874709976802
Upper middle income,,,,14.8134080334251,15.274151436031302,14.590508993494101,14.6461426359413,15.935379026861698,15.958885582905099,16.9817989044001,16.241958392514,17.0209218971409,17.9828501429155,18.5066271507368,19.462269515067803,19.484402780022602,20.184641208560603,21.0213678739378,21.965223097112897,22.148272957034603,22.4798904672258,23.2174277335568,23.914699162223897,25.1113164748383,25.4431614896731,25.6431129925106
Uruguay,6.9,6.9,6.985353535353536,7.752020202020202,11.043939393939382,11.810606060606048,11.740606060606048,11.67060606060605,11.600606060606049,11.53060606060605,10.95555555555555,11.335555555555551,12.220606060606048,12.600606060606049,13.99070707070705,14.8757575757576,12.21060606060605,12.21060606060605,12.21060606060605,12.31565656565655,17.6808080808081,17.6808080808081,21.251010101010102,20.2020202020202,19.191919191919197,21.212121212121197
Uzbekistan,6.0,6.0,6.0,6.2,6.8,7.2,8.12,9.04,9.959999999999999,16.03,16.95,17.229999999999997,17.509999999999998,17.79,20.32,20.6,20.6,20.6,20.6,20.6,16.2,16.2,16.2,16.0,16.0,32.0
Vanuatu,0.1,0.1,0.1,0.1,0.05,0.05,0.42,1.75153846153846,2.12153846153846,3.453076923076925,3.8230769230769246,3.8230769230769246,3.8230769230769246,3.8230769230769246,3.8230769230769246,3.8230769230769246,1.91153846153846,0.05,0.05,0.05,0.05,0.05,0.05,0.0,0.0,0.0
Venezuela (Bolivarian Republic of),6.3,6.3,6.3,7.6875,9.075,10.462499999999999,11.849999999999998,13.237499999999997,14.625,16.0125,17.4,17.32,17.24,17.16,17.08,17.0,17.0,17.0,17.0,17.0,17.0,14.4,22.2,,,
"Venezuela, RB",,,5.91133004926108,5.91133004926108,12.1359223300971,,9.696969696969699,9.696969696969699,9.696969696969699,9.696969696969699,17.3652694610778,17.964071856287397,18.562874251497,18.562874251497,17.4698795180723,16.969696969697,16.969696969697,16.969696969697,16.969696969697,16.969696969697,16.969696969697,14.3712574850299,22.155688622754504,22.155688622754504,22.155688622754504,22.155688622754504
Viet Nam,26.2,26.2,26.2,26.133333333333333,26.066666666666666,26.0,26.26,26.52,26.78,27.04,27.3,27.0,26.7,26.400000000000002,26.1,25.8,24.4,24.4,24.4,24.3,24.3,26.7,26.7,,,
Vietnam,,,26.2222222222222,26.2222222222222,26.0,26.0,26.0,27.3092369477912,27.3092369477912,27.3092369477912,27.3092369477912,27.3092369477912,25.760649087221104,25.760649087221104,25.760649087221104,25.760649087221104,24.4,24.4,24.4,24.297188755020102,24.297188755020102,26.7206477732794,26.7206477732794,26.7206477732794,26.7206477732794,26.7206477732794
Virgin Islands (U.S.),,,,,,,,,,,,,,,,,,,,,,,,,,
West Bank and Gaza,,,,,,,,,,,,,,,,,,,,,,,,,,
World,,,11.6921710616204,13.0708222318607,13.520105471325,13.9044395261034,14.0907008703619,15.197445911598802,15.179207215760698,15.897000565931,16.474545010713598,16.9696642264783,17.8692023015208,18.4427546321088,19.0250865737926,19.157037815126,19.8277667259973,20.7552042977426,21.7774474410703,22.1882965165675,22.8492991579336,23.0913674246322,23.590336674376804,24.0978782716432,24.6366036865178,25.1730550676723
Yemen,0.7,0.7,0.7,0.7,0.7,0.7,0.7,0.7,0.7,0.7,0.7,0.7,0.7,0.7,0.7,0.7,0.7,0.7,0.7,0.7,0.5,0.5,0.5,,,
"Yemen, Rep.",,,,0.664451827242525,0.664451827242525,0.664451827242525,0.668896321070234,0.668896321070234,0.33222591362126197,0.33222591362126197,0.33222591362126197,0.33222591362126197,0.33222591362126197,0.33222591362126197,0.33222591362126197,0.33222591362126197,0.33222591362126197,0.33222591362126197,0.33222591362126197,0.33222591362126197,0.0,0.0,0.0,0.0,0.33222591362126197,0.33222591362126197
Zambia,9.7,9.7,9.688709677419356,10.044871794871817,10.046624472573832,10.113291139240498,10.3732911392405,11.5826582278481,11.8426582278481,12.1026582278481,12.67911392405065,13.8048407643312,14.20493670886075,14.33493670886075,13.8763694267516,14.0063694267516,11.4824840764331,11.4824840764331,11.4824840764331,10.77974683544305,12.67911392405065,17.9820359281437,17.9820359281437,17.964071856287397,17.964071856287397,16.7664670658683
Zimbabwe,14.7,14.7,14.683333333333348,13.78333333333335,12.55,9.316666666666666,10.8,11.95,13.1,14.25,18.4,18.44333333333335,17.82,17.1490476190476,16.7166355140187,16.4266355140187,16.4266355140187,16.4266355140187,33.29074074074075,33.29074074074075,33.29074074074075,33.29074074074075,34.387878787878805,31.4814814814815,31.851851851851897,31.851851851851897
